date,visit_count,visit_7day_mean,baseline,baseline_lowerbound,baseline_upperbound,ed_count
2022-04-01,2865,2913.57142857143,3306.30470979057,2793.42016631745,3819.18925326368,30
2022-04-02,2667,2873.42857142857,3308.75893559233,2795.67907118643,3821.83879999824,30
2022-04-03,2496,2831.14285714286,3311.22252459579,2797.94670155031,3824.49834764126,30
2022-04-04,3060,2810.85714285714,3313.69484150166,2800.22247328155,3827.16720972176,30
2022-04-05,2849,2795.0,3316.17524708671,2802.50579855944,3829.84469561398,30
2022-04-06,2881,2797.42857142857,3318.66309837416,2804.79608602579,3832.53011072253,30
2022-04-07,2860,2811.14285714286,3321.15774880679,2807.09274094314,3835.22275667043,30
2022-04-08,3042,2836.42857142857,3323.6585484225,2809.39516535534,3837.92193148966,30
2022-04-09,2801,2855.57142857143,3326.16484403253,2811.70275825059,3840.62692981446,30
2022-04-10,2691,2883.42857142857,3328.67597940207,2814.01491572685,3843.33704307728,30
2022-04-11,3274,2914.0,3331.19129543342,2816.33103115962,3846.05155970723,30
2022-04-12,2905,2922.0,3333.71013035156,2818.650495372,3848.76976533113,30
2022-04-13,3015,2941.14285714286,3336.23181989207,2820.97269680712,3851.49094297701,30
2022-04-14,3000,2961.14285714286,3338.75569749145,2823.29702170275,3854.21437328014,30
2022-04-15,2853,2934.14285714286,3341.28109447976,2825.62285426815,3856.93933469137,30
2022-04-16,3133,2981.57142857143,3343.80734027547,2827.94957686306,3859.66510368789,30
2022-04-17,2837,3002.42857142857,3346.33376258255,2830.27657017889,3862.39095498621,30
2022-04-18,2845,2941.14285714286,3348.85968758971,2832.6032134219,3865.11616175751,30
2022-04-19,3331,3002.0,3351.38444017172,2834.92888449844,3867.839995845,30
2022-04-20,2989,2998.28571428571,3353.90734409287,2837.2529602022,3870.56172798354,30
2022-04-21,2999,2998.14285714286,3356.42772221228,2839.57481640333,3873.28062802124,30
2022-04-22,3196,3047.14285714286,3358.94489669124,2841.89382823945,3875.99596514302,30
2022-04-23,2960,3022.42857142857,3361.45818920234,2844.20937030847,3878.7070080962,30
2022-04-24,2736,3008.0,3363.96692114046,2846.52081686313,3881.41302541779,30
2022-04-25,3163,3053.42857142857,3366.47041383543,2848.82754200723,3884.11328566363,30
2022-04-26,2955,2999.71428571429,3368.96798876634,2851.1289198935,3886.80705763917,30
2022-04-27,2893,2986.0,3371.45896777745,2853.42432492296,3889.49361063194,30
2022-04-28,2979,2983.14285714286,3373.9426732956,2855.71313194577,3892.17221464542,30
2022-04-29,3086,2967.42857142857,3376.41842854898,2857.99471646352,3894.84214063445,30
2022-04-30,2847,2951.28571428571,3378.88555778734,2860.26845483277,3897.5026607419,30
2022-05-01,2672,2942.14285714286,3381.34338650331,2862.53372446988,3900.15304853674,30
2022-05-02,3251,2954.71428571429,3383.79124165504,2864.78990405702,3902.79257925306,30
2022-05-03,2945,2953.28571428571,3386.22845188976,2867.03637374916,3905.42053003037,30
2022-05-04,2861,2948.71428571429,3388.65434776848,2869.27251538219,3908.03618015477,30
2022-05-05,2843,2929.28571428571,3391.0682619914,2871.49771268186,3910.63881130094,30
2022-05-06,3025,2920.57142857143,3393.46952962428,2873.71135147352,3913.22770777505,30
2022-05-07,2897,2927.71428571429,3395.85748832543,2875.9128198927,3915.80215675817,30
2022-05-08,2799,2945.85714285714,3398.23147857326,2878.10150859615,3918.36144855038,30
2022-05-09,3291,2951.57142857143,3400.5908438944,2880.2768109736,3920.9048768152,30
2022-05-10,3022,2962.57142857143,3402.93493109215,2882.43812335983,3923.43173882447,30
2022-05-11,2933,2972.85714285714,3405.26309047527,2884.58484524713,3925.94133570341,30
2022-05-12,3015,2997.42857142857,3407.57467608687,2886.716379498,3928.43297267574,30
2022-05-13,3124,3011.57142857143,3409.86904593347,2888.83213255801,3930.90595930894,30
2022-05-14,3006,3027.14285714286,3412.14556221392,2890.93151466862,3933.35960975922,30
2022-05-15,2964,3050.71428571429,3414.4035915482,2893.01394008003,3935.79324301637,30
2022-05-16,3357,3060.14285714286,3416.64250520601,2895.07882726381,3938.2061831482,30
2022-05-17,3132,3075.85714285714,3418.86167933486,2897.12559912519,3940.59775954453,30
2022-05-18,2970,3081.14285714286,3421.0604951878,2899.15368321506,3942.96730716053,30
2022-05-19,2979,3076.0,3423.23833935038,2901.16251194138,3945.31416675939,30
2022-05-20,3201,3087.0,3425.39460396704,2903.15152278002,3947.63768515406,30
2022-05-21,3023,3089.42857142857,3427.52868696648,2905.12015848486,3949.9372154481,30
2022-05-22,2912,3082.0,3429.6399922862,2907.06786729704,3952.21211727535,30
2022-05-23,3360,3082.42857142857,3431.72793009584,2908.99410315328,3954.46175703839,30
2022-05-24,3072,3073.85714285714,3433.79191701937,2910.89832589307,3956.68550814566,30
2022-05-25,3154,3100.14285714286,3435.83137635589,2912.78000146475,3958.88275124704,30
2022-05-26,2892,3087.71428571429,3437.84573829904,2914.63860213023,3961.05287446785,30
2022-05-27,3559,3138.85714285714,3439.83444015468,2916.47360666831,3963.19527364105,30
2022-05-28,2858,3115.28571428571,3441.79692655707,2918.28450057649,3965.30935253765,30
2022-05-29,2709,3086.28571428571,3443.73264968301,2920.07077627105,3967.39452309496,30
2022-05-30,3239,3069.0,3445.64106946416,2921.83193328548,3969.45020564284,30
2022-05-31,2868,3039.85714285714,3447.52165379724,2923.56747846687,3971.47582912761,30
2022-06-01,2954,3011.28571428571,3449.373878752,2925.27692617045,3973.47083133354,30
2022-06-02,3033,3031.42857142857,3451.19722877689,2926.95979845192,3975.43465910185,30
2022-06-03,3207,2981.14285714286,3452.99119690228,2928.61562525754,3977.36676854703,30
2022-06-04,3031,3005.85714285714,3454.75528494112,2930.24394461191,3979.26662527034,30
2022-06-05,3020,3050.28571428571,3456.48900368686,2931.84430280323,3981.13370457049,30
2022-06-06,2947,3008.57142857143,3458.1918731086,2933.41625456607,3982.96749165112,30
2022-06-07,3175,3052.42857142857,3459.8634225433,2934.95936326132,3984.76748182529,30
2022-06-08,2931,2954.71428571429,3461.50319088495,2936.4732010534,3986.5331807165,30
2022-06-09,2939,3056.28571428571,3463.1107267705,2937.95734908457,3988.26410445643,30
2022-06-10,3119,3039.28571428571,3464.68558876261,2939.41139764616,3989.95977987906,30
2022-06-11,3013,3037.42857142857,3466.22734552892,2940.83494634666,3991.61974471119,30
2022-06-12,2896,3023.42857142857,3467.73557601785,2942.22760427662,3993.24354775908,30
2022-06-13,3389,3081.28571428571,3469.20986963072,2943.5889901701,3994.83074909134,30
2022-06-14,3025,3049.57142857143,3470.64982639021,2944.91873256276,3996.38092021765,30
2022-06-15,3215,3085.14285714286,3472.0550571049,2946.2164699463,3997.8936442635,30
2022-06-16,2915,3081.71428571429,3473.42518352992,2947.48185091927,3999.36851614057,30
2022-06-17,3357,3115.71428571429,3474.75983852351,2948.71453433416,4000.80514271285,30
2022-06-18,3078,3125.0,3476.05866619941,2949.91418944054,4002.20314295828,30
2022-06-19,2918,3128.14285714286,3477.32132207503,2951.08049602427,4003.56214812579,30
2022-06-20,3320,3118.28571428571,3478.54747321527,2952.21314454276,4004.88180188779,30
2022-06-21,3180,3140.42857142857,3479.73679837182,2953.3118362559,4006.16176048774,30
2022-06-22,3019,3112.42857142857,3480.88898811798,2954.37628335292,4007.40169288305,30
2022-06-23,3093,3137.85714285714,3482.00374497887,2955.40620907487,4008.60128088288,30
2022-06-24,3249,3122.42857142857,3483.08078355684,2956.4013478327,4009.76021928097,30
2022-06-25,3223,3143.14285714286,3484.11983065212,2957.36144532088,4010.87821598336,30
2022-06-26,3050,3162.0,3485.12062537863,2958.28625862642,4011.95499213083,30
2022-06-27,3383,3171.0,3486.08291927474,2959.17555633334,4012.99028221614,30
2022-06-28,3106,3160.42857142857,3487.00647640906,2960.02911862233,4013.98383419579,30
2022-06-29,3110,3173.42857142857,3487.89107348109,2960.84673736573,4014.93540959645,30
2022-06-30,3078,3171.28571428571,3488.7364999167,2961.62821621763,4015.84478361577,30
2022-07-01,3270,3232.57142857143,3637.56529799417,3075.64055139606,4199.49004459228,33
2022-07-02,3288,3227.42857142857,3638.36431711632,3076.37783442431,4200.35079980832,33
2022-07-03,3088,3216.85714285714,3639.12192601553,3077.076981674,4201.16687035707,33
2022-07-04,3392,3198.28571428571,3639.8379591353,3077.737838715,4201.9380795556,33
2022-07-05,3213,3191.57142857143,3640.51226459976,3078.36026376623,4202.6642654333,33
2022-07-06,3119,3174.71428571429,3641.14470427959,3078.9441277579,4203.34528080129,33
2022-07-07,3005,3168.57142857143,3641.73515385206,3079.48931438846,4203.98099331567,33
2022-07-08,3282,3198.14285714286,3642.28350285526,3079.99572017605,4204.57128553448,33
2022-07-09,3088,3169.57142857143,3642.78965473647,3080.46325450444,4205.1160549685,33
2022-07-10,2917,3145.14285714286,3643.25352689458,3080.89183966347,4205.61521412568,33
2022-07-11,3396,3145.71428571429,3643.67505071665,3081.28141088394,4206.06869054935,33
2022-07-12,3190,3142.42857142857,3644.05417160845,3081.63191636691,4206.47642684999,33
2022-07-13,3134,3144.57142857143,3644.39084901904,3081.9433173074,4206.83838073068,33
2022-07-14,3116,3160.42857142857,3644.68505645936,3082.21558791251,4207.15452500621,33
2022-07-15,3253,3156.28571428571,3644.9367815148,3082.44871541384,4207.42484761575,33
2022-07-16,2974,3140.0,3645.14602585176,3082.6427000744,4207.64935162913,33
2022-07-17,3054,3159.57142857143,3645.31280521822,3082.79755518975,4207.8280552467,33
2022-07-18,3460,3168.71428571429,3645.43714943821,3082.91330708356,4207.96099179286,33
2022-07-19,3130,3160.14285714286,3645.51910240032,3082.98999509756,4208.04820970308,33
2022-07-20,3153,3162.85714285714,3645.55872204024,3083.02767157582,4208.08977250467,33
2022-07-21,3172,3170.85714285714,3645.55608031722,3083.02640184342,4208.08575879102,33
2022-07-22,3423,3195.14285714286,3645.51126318458,3082.98626417953,4208.03626218964,33
2022-07-23,3215,3229.57142857143,3645.42437055433,3082.90734978493,4207.94139132374,33
2022-07-24,3105,3236.85714285714,3645.29551625574,3082.78976274389,4207.80126976759,33
2022-07-25,3517,3245.0,3645.12482798812,3082.63361998065,4207.6160359956,33
2022-07-26,3209,3256.28571428571,3644.91244726766,3082.43905121025,4207.38584332507,33
2022-07-27,3032,3239.0,3644.65852936847,3082.20619888405,4207.11085985289,33
2022-07-28,3173,3239.14285714286,3644.36324325781,3081.93521812968,4206.79126838595,33
2022-07-29,3333,3226.28571428571,3644.02677152563,3081.62627668573,4206.42726636552,33
2022-07-30,3074,3206.14285714286,3643.64931030829,3081.279554831,4206.01906578559,33
2022-07-31,2935,3181.85714285714,3643.23106920684,3080.89524530855,4205.56689310513,33
2022-08-01,3334,3155.71428571429,3642.77227119948,3080.47355324446,4205.0709891545,33
2022-08-02,3092,3139.0,3642.27315254868,3080.01469606146,4204.53160903591,33
2022-08-03,3032,3139.0,3641.73396270278,3079.51890338736,4203.9490220182,33
2022-08-04,3005,3115.0,3641.15496419214,3078.98641695857,4203.3235114257,33
2022-08-05,3272,3106.28571428571,3640.53643252005,3078.41749051851,4202.6553745216,33
2022-08-06,2954,3089.14285714286,3639.87865604839,3077.81238971113,4201.94492238565,33
2022-08-07,2994,3097.57142857143,3639.18193587804,3077.17139196967,4201.19247978641,33
2022-08-08,3457,3115.14285714286,3638.4465857243,3076.49478640056,4200.39838504804,33
2022-08-09,3177,3127.28571428571,3637.67293178727,3075.78287366273,4199.5629899118,33
2022-08-10,2934,3113.28571428571,3636.86131261726,3075.03596584219,4198.68665939233,33
2022-08-11,3090,3125.42857142857,3636.01207897551,3074.25438632227,4197.76977162875,33
2022-08-12,3207,3116.14285714286,3635.12559369002,3073.43846964927,4196.81271773077,33
2022-08-13,3103,3137.42857142857,3634.20223150688,3072.58856139388,4195.81590161987,33
2022-08-14,3084,3150.28571428571,3633.24237893696,3071.70501800835,4194.77973986557,33
2022-08-15,3290,3126.42857142857,3632.24643409826,3070.78820667946,4193.70466151706,33
2022-08-16,3298,3143.71428571429,3631.21480655384,3069.83850517746,4192.59110793021,33
2022-08-17,3126,3171.14285714286,3630.14791714558,3068.85630170117,4191.43953258999,33
2022-08-18,2948,3150.85714285714,3629.04619782382,3067.84199471903,4190.2504009286,33
2022-08-19,3060,3129.85714285714,3627.91009147297,3066.79599280664,4189.02419013931,33
2022-08-20,3009,3116.42857142857,3626.74005173325,3065.71871448048,4187.76138898603,33
2022-08-21,2836,3081.0,3625.53654281864,3064.61058802823,4186.46249760904,33
2022-08-22,3479,3108.0,3624.30003933113,3063.47205133562,4185.12802732664,33
2022-08-23,3074,3076.0,3623.03102607153,3062.30355170999,4183.75850043307,33
2022-08-24,3110,3073.71428571429,3621.72999784673,3061.10554570066,4182.35444999279,33
2022-08-25,3115,3097.57142857143,3620.39745927372,3059.87849891623,4180.9164196312,33
2022-08-26,3252,3125.0,3619.03392458041,3058.62288583892,4179.44496332191,33
2022-08-27,2878,3106.28571428571,3617.63991740343,3057.33918963604,4177.94064517082,33
2022-08-28,2968,3125.14285714286,3616.21597058289,3056.02790196881,4176.40403919697,33
2022-08-29,3373,3110.0,3614.76262595445,3054.68952279849,4174.83572911041,33
2022-08-30,3012,3101.14285714286,3613.28043413859,3053.32456019003,4173.23630808716,33
2022-08-31,2887,3069.28571428571,3611.76995432744,3051.93353011343,4171.60637854145,33
2022-09-01,3045,3059.28571428571,3610.23175406904,3050.51695624277,4169.94655189531,33
2022-09-02,3093,3036.57142857143,3608.66640904942,3049.07536975315,4168.2574483457,33
2022-09-03,2971,3049.85714285714,3607.07450287242,3047.60930911559,4166.53969662924,33
2022-09-04,3008,3055.57142857143,3605.45662683746,3046.11931989012,4164.7939337848,33
2022-09-05,3365,3054.42857142857,3603.81337971545,3044.60595451698,4163.02080491393,33
2022-09-06,3140,3072.71428571429,3602.14536752286,3043.06977210634,4161.22096293938,33
2022-09-07,3047,3095.57142857143,3600.45320329407,3041.51133822633,4159.39506836181,33
2022-09-08,2957,3083.0,3598.7375068523,3039.93122468978,4157.54378901482,33
2022-09-09,3174,3094.57142857143,3596.99890457901,3038.33000933965,4155.66779981838,33
2022-09-10,2904,3085.0,3595.23802918209,3036.70827583324,4153.76778253094,33
2022-09-11,2858,3063.57142857143,3593.45551946282,3035.06661342547,4151.84442550018,33
2022-09-12,3436,3073.71428571429,3591.65202008188,3033.40561675111,4149.89842341264,33
2022-09-13,3085,3065.85714285714,3589.82818132432,3031.72588560629,4147.93047704235,33
2022-09-14,2965,3054.14285714286,3587.98465886388,3030.02802472926,4145.94129299851,33
2022-09-15,3064,3069.42857142857,3586.12211352655,3028.31264358061,4143.93158347249,33
2022-09-16,3079,3055.85714285714,3584.24121105359,3026.58035612303,4141.90206598414,33
2022-09-17,2719,3029.42857142857,3582.34262186413,3024.83178060065,4139.85346312761,33
2022-09-18,2526,2982.0,3580.42702081751,3023.06753931823,4137.78650231679,33
2022-09-19,3066,2929.14285714286,3578.49508697534,3021.28825842017,4135.7019155305,33
2022-09-20,2917,2905.14285714286,3576.54750336352,3019.49456766954,4133.60043905751,33
2022-09-21,2935,2900.85714285714,3574.58495673436,3017.68710022711,4131.4828132416,33
2022-09-22,2970,2887.42857142857,3572.60813732868,3015.86649243069,4129.34978222667,33
2022-09-23,3161,2899.14285714286,3570.61773863838,3014.03338357467,4127.20209370209,33
2022-09-24,2873,2921.14285714286,3568.61445716921,3012.18841569003,4125.04049864839,33
2022-09-25,2742,2952.0,3566.59899220409,3010.33223332477,4122.8657510834,33
2022-09-26,3323,2988.71428571429,3564.57204556698,3008.46548332504,4120.67860780891,33
2022-09-27,3049,3007.57142857143,3562.53432138745,3006.58881461685,4118.47982815806,33
2022-09-28,2942,3008.57142857143,3560.48652586603,3004.70287798864,4116.27017374343,33
2022-09-29,3102,3027.42857142857,3558.42936704041,3002.80832587475,4114.05040820607,33
2022-09-30,3329,3051.42857142857,3556.36355455263,3000.90581213976,4111.8212969655,33
2022-10-01,3210,3160.14285714286,3744.43949767763,3148.94410222553,4339.93489312973,36
2022-10-02,3243,3204.14285714286,3742.24718213443,3146.92959243958,4337.56477182928,36
2022-10-03,3078,3225.57142857143,3740.04800049664,3144.90878135202,4335.18721964126,36
2022-10-04,3561,3284.14285714286,3737.84270470327,3142.88236006298,4332.80304934357,36
2022-10-05,3304,3313.71428571429,3735.63204717601,3140.85102006146,4330.41307429055,36
2022-10-06,3344,3323.57142857143,3733.41678058204,3138.81545300667,4328.01810815741,36
2022-10-07,3376,3302.28571428571,3731.19765759867,3136.77635051097,4325.61896468638,36
2022-10-08,3026,3276.0,3728.97543067958,3134.73440392451,4323.21645743465,36
2022-10-09,2902,3227.28571428571,3726.75085182295,3132.69030412166,4320.81139952424,36
2022-10-10,3608,3303.0,3724.52467234148,3130.6447412892,4318.40460339375,36
2022-10-11,3158,3245.42857142857,3722.29764263439,3128.5984047165,4315.99688055228,36
2022-10-12,3123,3219.57142857143,3720.07051196146,3126.55198258759,4313.58904133533,36
2022-10-13,3118,3187.28571428571,3717.84402821916,3124.50616177531,4311.181894663,36
2022-10-14,3389,3189.14285714286,3715.61893771895,3122.46162763751,4308.77624780039,36
2022-10-15,3221,3217.0,3713.39598496788,3120.41906381539,4306.37290612038,36
2022-10-16,3073,3241.42857142857,3711.1759124514,3118.37915203408,4303.97267286872,36
2022-10-17,3540,3231.71428571429,3708.95946041855,3116.34257190542,4301.57634893169,36
2022-10-18,3218,3240.28571428571,3706.74736666959,3114.31000073306,4299.18473260612,36
2022-10-19,3107,3238.0,3704.54036634602,3112.28211331989,4296.79861937215,36
2022-10-20,3140,3241.14285714286,3702.33919172315,3110.25958177785,4294.41880166845,36
2022-10-21,3248,3221.0,3700.14457200519,3108.24307534018,4292.04606867019,36
2022-10-22,3092,3202.57142857143,3697.95723312294,3106.23326017616,4289.68120606972,36
2022-10-23,2983,3189.71428571429,3695.77789753412,3104.23079920827,4287.32499585997,36
2022-10-24,3428,3173.71428571429,3693.60728402632,3102.23635193194,4284.97821612069,36
2022-10-25,3236,3176.28571428571,3691.4461075227,3100.25057423789,4282.64164080751,36
2022-10-26,3131,3179.71428571429,3689.29507889039,3098.27411823696,4280.31603954382,36
2022-10-27,3280,3199.71428571429,3687.15490475166,3096.30763208766,4278.00217741566,36
2022-10-28,3530,3240.0,3685.02628729787,3094.3517598263,4275.70081476944,36
2022-10-29,3249,3262.42857142857,3682.90992410624,3092.4071411998,4273.41270701268,36
2022-10-30,3144,3285.42857142857,3680.80650795944,3090.47441150114,4271.13860441774,36
2022-10-31,3333,3271.85714285714,3678.71672666802,3088.55420140757,4268.87925192847,36
2022-11-01,3175,3263.14285714286,3676.64126289576,3086.64713682148,4266.63538897004,36
2022-11-02,3228,3277.0,3674.58079398781,3084.75383871396,4264.40774926165,36
2022-11-03,3082,3248.71428571429,3672.53599180179,3082.87492297115,4262.19706063243,36
2022-11-04,3224,3205.0,3670.50752254181,3081.01100024331,4260.00404484031,36
2022-11-05,2880,3152.28571428571,3668.49604659533,3079.16267579657,4257.82941739409,36
2022-11-06,2780,3100.28571428571,3666.50221837295,3077.33054936747,4255.67388737843,36
2022-11-07,3396,3109.28571428571,3664.52668615119,3075.51521502026,4253.53815728211,36
2022-11-08,3132,3103.14285714286,3662.5700919181,3073.71726100689,4251.4229228293,36
2022-11-09,3144,3091.14285714286,3660.63307122183,3071.93726962977,4249.32887281389,36
2022-11-10,3208,3109.14285714286,3658.71625302212,3070.17581710722,4247.25668893703,36
2022-11-11,3262,3114.57142857143,3656.82025954469,3068.43347344172,4245.20704564765,36
2022-11-12,3013,3133.57142857143,3654.9457061385,3066.71080229081,4243.18060998618,36
2022-11-13,2854,3144.14285714286,3653.09320113599,3065.00836084071,4241.17804143126,36
2022-11-14,3472,3155.0,3651.26334571612,3063.32669968266,4239.19999174958,36
2022-11-15,3243,3170.85714285714,3649.45673377035,3061.66636269192,4237.24710484879,36
2022-11-16,3102,3164.85714285714,3647.67395177142,3060.02788690944,4235.3200166334,36
2022-11-17,3053,3142.71428571429,3645.91557864502,3058.41180242618,4233.41935486386,36
2022-11-18,3278,3145.0,3644.18218564429,3056.81863227008,4231.5457390185,36
2022-11-19,2923,3132.14285714286,3642.4743362271,3055.24889229561,4229.6997801586,36
2022-11-20,2887,3136.85714285714,3640.79258593619,3053.70309107597,4227.88208079641,36
2022-11-21,3416,3128.85714285714,3639.13748228196,3052.18172979777,4226.09323476616,36
2022-11-22,3134,3113.28571428571,3637.5095646282,3050.6853021584,4224.333827098,36
2022-11-23,3172,3123.28571428571,3635.90936408036,3049.21429426579,4222.60443389493,36
2022-11-24,3080,3063.71428571429,3634.33740337666,3047.76918454075,4220.90562221256,36
2022-11-25,3200,3129.71428571429,3632.79419678181,3046.35044362179,4219.23794994183,36
2022-11-26,3100,3152.71428571429,3631.28024998348,3044.95853427237,4217.60196569458,36
2022-11-27,2862,3146.71428571429,3629.79605999125,3043.59391129057,4215.99820869194,36
2022-11-28,3411,3122.85714285714,3628.34211503836,3042.2570214212,4214.42720865552,36
2022-11-29,3086,3128.85714285714,3626.91889448585,3040.94830327022,4212.88948570147,36
2022-11-30,3004,3135.42857142857,3625.5268687294,3039.6681872216,4211.38555023721,36
2022-12-01,3048,3100.71428571429,3624.16649910864,3038.41709535637,4209.91590286092,36
2022-12-02,3146,3107.57142857143,3622.83823781892,3037.19544137408,4208.48103426376,36
2022-12-03,2929,3070.42857142857,3621.54252782558,3036.00363051642,4207.08142513473,36
2022-12-04,2904,3074.85714285714,3620.27980278068,3034.84205949312,4205.71754606825,36
2022-12-05,3292,3057.85714285714,3619.05048694211,3033.71111641001,4204.38985747421,36
2022-12-06,3012,3048.42857142857,3617.85499509504,3032.6111806993,4203.09880949078,36
2022-12-07,3121,3065.28571428571,3616.6937324758,3031.54262305193,4201.84484189966,36
2022-12-08,3138,3076.85714285714,3615.56709469801,3030.50580535209,4200.62838404393,36
2022-12-09,3321,3102.0,3614.47546768101,3029.50108061372,4199.4498547483,36
2022-12-10,2921,3101.0,3613.41922758058,3028.52879291918,4198.30966224197,36
2022-12-11,2947,3107.14285714286,3612.39874072181,3027.58927735983,4197.20820408379,36
2022-12-12,3293,3108.42857142857,3611.41436353427,3026.68285997862,4196.14586708993,36
2022-12-13,3062,3115.42857142857,3610.46644248925,3025.80985771467,4195.12302726383,36
2022-12-14,3203,3125.85714285714,3609.55531403918,3024.97057834973,4194.14004972863,36
2022-12-15,3074,3116.71428571429,3608.68130455918,3024.16532045658,4193.19728866178,36
2022-12-16,3233,3105.28571428571,3607.84473029062,3023.39437334921,4192.29508723203,36
2022-12-17,2926,3104.71428571429,3607.04589728679,3022.65801703493,4191.43377753865,36
2022-12-18,2812,3085.42857142857,3606.28510136058,3021.95652216827,4190.6136805529,36
2022-12-19,3624,3132.85714285714,3605.56262803415,3021.2901500066,4189.8351060617,36
2022-12-20,3241,3160.0,3604.87875249053,3020.65915236759,4189.09835261347,36
2022-12-21,3088,3142.28571428571,3604.23373952723,3020.06377158832,4188.40370746614,36
2022-12-22,3086,3145.14285714286,3603.62784351172,3019.50424048618,4187.75144653726,36
2022-12-23,3136,3130.14285714286,3603.06130833881,3018.98078232134,4187.14183435627,36
2022-12-24,2661,3092.28571428571,3602.5343673899,3018.49361076099,4186.57512401881,36
2022-12-25,2817,3094.14285714286,3602.04724349408,3018.04292984511,4186.05155714305,36
2022-12-26,2889,2987.85714285714,3601.60014889105,3017.62893395392,4185.57136382817,36
2022-12-27,3586,3037.28571428571,3601.1932851958,3017.25180777689,4185.1347626147,36
2022-12-28,3081,3036.28571428571,3600.82684336515,3016.91172628331,4184.74196044699,36
2022-12-29,2980,2952.85714285714,3600.50100366598,3016.6088546944,4184.39315263756,36
2022-12-30,2790,2915.71428571429,3600.21593564522,3016.34334845699,4184.08852283345,36
2022-12-31,2307,2854.0,3599.97179810159,3016.11535321868,4183.82824298451,36
2023-01-01,2315,2564.0,2899.29577785975,2427.52413762393,3371.06741809557,29
2023-01-02,2606,2581.0,2899.16542736209,2427.40132154847,3370.92953317571,29
2023-01-03,2388,2470.42857142857,2899.06837429597,2427.30901442431,3370.82773416762,29
2023-01-04,2438,2433.42857142857,2899.00471173225,2427.24730178168,3370.76212168281,29
2023-01-05,2461,2400.0,2898.97452399156,2427.2162611783,3370.73278680481,29
2023-01-06,2435,2388.57142857143,2898.97788662955,2427.21596218637,3370.73981107273,29
2023-01-07,2435,2439.71428571429,2899.01486642354,2427.24646638082,3370.78326646625,29
2023-01-08,2033,2399.42857142857,2899.08552136039,2427.30782732859,3370.8632153922,29
2023-01-09,,,2899.18990062579,2427.4000905791,3370.97971067248,29
2023-01-10,,,2899.32804459467,2427.52329365579,3371.13279553355,29
2023-01-11,,,2899.49998482311,2427.67746604886,3371.32250359736,29
2023-01-12,,,2899.70574404134,2427.86262920902,3371.54885887366,29
2023-01-13,,,2899.94533614818,2428.07879654245,3371.81187575392,29
2023-01-14,,,2900.21876620668,2428.32597340678,3372.11155900657,29
2023-01-15,,,2900.52603044103,2428.60415710827,3372.44790377379,29
2023-01-16,,,2900.86711623486,2428.91333690002,3372.8208955697,29
2023-01-17,,,2901.24200213071,2429.25349398139,3373.23051028002,29
2023-01-18,,,2901.65065783084,2429.6246014984,3373.67671416329,29
2023-01-19,,,2902.09304419938,2430.02662454539,3374.15946385338,29
2023-01-20,,,2902.56911326569,2430.45952016772,3374.67870636365,29
2023-01-21,,,2903.07880822907,2430.92323736563,3375.23437909252,29
2023-01-22,,,2903.62206346485,2431.41771709923,3375.82640983047,29
2023-01-23,,,2904.19880453165,2431.94289229463,3376.45471676867,29
2023-01-24,,,2904.80894818012,2432.49868785124,3377.119208509,29
2023-01-25,,,2905.45240236294,2433.08502065023,3377.81978407564,29
2023-01-26,,,2906.12906624619,2433.70179956415,3378.55633292823,29
2023-01-27,,,2906.83883022208,2434.34892546773,3379.32873497643,29
2023-01-28,,,2907.58157592307,2435.02629124992,3380.13686059621,29
2023-01-29,,,2908.35717623737,2435.73378182713,3380.98057064761,29
2023-01-30,,,2909.16549532585,2436.47127415761,3381.85971649409,29
2023-01-31,,,2910.00638864035,2437.23863725723,3382.77414002348,29
2023-02-01,,,2910.87970294348,2438.03573221636,3383.7236736706,29
2023-02-02,,,2911.78527632979,2438.86241221813,3384.70814044145,29
2023-02-03,,,2912.7229382485,2439.71852255795,3385.72735393905,29
2023-02-04,,,2913.69250952767,2440.60390066429,3386.78111839105,29
2023-02-05,,,2914.69380239989,2441.5183761209,3387.86922867889,29
2023-02-06,,,2915.72662052951,2442.46177069023,3388.99147036878,29
2023-02-07,,,2916.79075904139,2443.43389833839,3390.14761974439,29
2023-02-08,,,2917.8860045513,2444.43456526135,3391.33744384126,29
2023-02-09,,,2919.01213519781,2445.46356991261,3392.560700483,29
2023-02-10,,,2920.16892067586,2446.52070303235,3393.81713831937,29
2023-02-11,,,2921.35612227201,2447.60574767798,3395.10649686603,29
2023-02-12,,,2922.57349290124,2448.71847925615,3396.42850654633,29
2023-02-13,,,2923.82077714557,2449.85866555634,3397.78288873479,29
2023-02-14,,,2925.09771129428,2451.02606678594,3399.16935580261,29
2023-02-15,,,2926.40402338595,2452.22043560685,3400.58761116505,29
2023-02-16,,,2927.73943325223,2453.4415171737,3402.03734933076,29
2023-02-17,,,2929.10365256342,2454.68904917371,3403.51825595313,29
2023-02-18,,,2930.49638487581,2455.96276186808,3405.03000788355,29
2023-02-19,,,2931.91732568097,2457.26237813511,3406.57227322683,29
2023-02-20,,,2933.36616245677,2458.587613515,3408.14471139854,29
2023-02-21,,,2934.84257472044,2459.93817625632,3409.74697318456,29
2023-02-22,,,2936.34623408343,2461.31376736425,3411.37870080261,29
2023-02-23,,,2937.87680430831,2462.71408065059,3413.03952796604,29
2023-02-24,,,2939.43394136759,2464.13880278548,3414.7290799497,29
2023-02-25,,,2941.01729350455,2465.58761335107,3416.44697365804,29
2023-02-26,,,2942.62650129613,2467.06018489688,3418.19281769537,29
2023-02-27,,,2944.26119771782,2468.55618299716,3419.96621243848,29
2023-02-28,,,2945.92100821071,2470.07526631005,3421.76675011138,29
2023-03-01,,,2947.60555075056,2471.61708663871,3423.59401486242,29
2023-03-02,,,2949.31443591907,2473.18128899438,3425.44758284376,29
2023-03-03,,,2951.04726697724,2474.76751166142,3427.32702229307,29
2023-03-04,,,2952.803639941,2476.37538626429,3429.23189361771,29
2023-03-05,,,2954.58314365896,2478.00453783667,3431.16174948125,29
2023-03-06,,,2956.38535989245,2479.6545848925,3433.11613489239,29
2023-03-07,,,2958.20986339774,2481.32513949916,3435.09458729633,29
2023-03-08,,,2960.05622201067,2483.01580735267,3437.09663666867,29
2023-03-09,,,2961.92399673339,2484.72618785515,3439.12180561162,29
2023-03-10,,,2963.81274182356,2486.45587419422,3441.16960945291,29
2023-03-11,,,2965.72200488587,2488.20445342468,3443.23955634706,29
2023-03-12,,,2967.65132696582,2489.97150655236,3445.33114737928,29
2023-03-13,,,2969.60024264598,2491.75660862009,3447.44387667186,29
2023-03-14,,,2971.56828014459,2493.55932879599,3449.5772314932,29
2023-03-15,,,2973.5549614166,2495.37923046386,3451.73069236934,29
2023-03-16,,,2975.55980225705,2497.21587131593,3453.90373319816,29
2023-03-17,,,2977.582312407,2499.06880344782,3456.09582136618,29
2023-03-18,,,2979.62199566182,2500.93757345574,3458.30641786789,29
2023-03-19,,,2981.67834998197,2502.82172253606,3460.53497742789,29
2023-03-20,,,2983.75086760628,2504.72078658709,3462.78094862546,29
2023-03-21,,,2985.8390351676,2506.63429631325,3465.04377402195,29
2023-03-22,,,2987.94233381111,2508.56177733148,3467.32289029074,29
2023-03-23,,,2990.06023931492,2510.50275028003,3469.61772834981,29
2023-03-24,,,2992.19222221331,2512.45673092953,3471.9277134971,29
2023-03-25,,,2994.33774792244,2514.42323029647,3474.2522655484,29
2023-03-26,,,2996.49627686846,2516.40175475895,3476.59079897797,29
2023-03-27,,,2998.66726461825,2518.39180617476,3478.94272306174,29
2023-03-28,,,3000.85016201258,2520.3928820019,3481.30744202327,29
2023-03-29,,,3003.04441530175,2522.40447542128,3483.68435518223,29
2023-03-30,,,3005.24946628375,2524.42607546189,3486.07285710561,29
2023-03-31,,,3007.46475244484,2526.45716712824,3488.47233776144,29
