date,cedis_group,visit_count,visit_7day_mean,baseline,baseline_lowerbound,baseline_upperbound,ed_count
2022-07-01,CV,250,239.142857142857,296.639883794766,165.737393669157,427.542373920375,23
2022-07-02,CV,200,239.428571428571,296.681484703619,165.769776770494,427.593192636744,23
2022-07-03,CV,216,242.642857142857,296.722158555263,165.801444171537,427.642872938989,23
2022-07-04,CV,291,244.190476190476,296.761919984429,165.832407125941,427.691432842917,23
2022-07-05,CV,244,242.535714285714,296.800783914458,165.862677112019,427.738890716898,23
2022-07-06,CV,225,239.971428571429,296.838765552504,165.892265829045,427.785265275963,23
2022-07-07,CV,239,237.904761904762,296.875880384625,165.92118519347,427.83057557578,23
2022-07-08,CV,215,232.857142857143,296.912144170806,165.94944733508,427.874841006531,23
2022-07-09,CV,198,232.571428571429,296.947572939891,165.977064593092,427.91808128669,23
2022-07-10,CV,193,229.285714285714,296.982182984436,166.004049512173,427.960316456699,23
2022-07-11,CV,269,226.142857142857,297.015990855481,166.030414838413,428.00156687255,23
2022-07-12,CV,251,227.142857142857,297.049013357249,166.056173515228,428.041853199271,23
2022-07-13,CV,216,225.857142857143,297.081267541764,166.081338679203,428.081196404325,23
2022-07-14,CV,272,230.571428571429,297.112770703403,166.105923655888,428.119617750919,23
2022-07-15,CV,243,234.571428571429,297.143540373377,166.12994195553,428.157138791224,23
2022-07-16,CV,176,231.428571428571,297.173594314137,166.153407268755,428.193781359519,23
2022-07-17,CV,230,236.714285714286,297.202950513724,166.176333462196,428.229567565252,23
2022-07-18,CV,305,241.857142857143,297.231627180051,166.19873457408,428.264519786022,23
2022-07-19,CV,281,246.142857142857,297.259642735119,166.220624809751,428.298660660487,23
2022-07-20,CV,246,250.428571428571,297.287015809187,166.242018537166,428.332013081208,23
2022-07-21,CV,263,249.142857142857,297.31376523487,166.262930282331,428.36460018741,23
2022-07-22,CV,257,251.142857142857,297.339910041197,166.283374724702,428.396445357691,23
2022-07-23,CV,186,252.571428571429,297.365469447604,166.303366692546,428.427572202661,23
2022-07-24,CV,204,248.857142857143,297.390462857889,166.322921158258,428.458004557521,23
2022-07-25,CV,296,247.571428571429,297.414909854115,166.342053233646,428.487766474584,23
2022-07-26,CV,260,244.571428571429,297.438830190461,166.360778165178,428.516882215745,23
2022-07-27,CV,236,243.142857142857,297.462243787047,166.379111329197,428.545376244898,23
2022-07-28,CV,280,245.571428571429,297.485170723701,166.397068227105,428.573273220297,23
2022-07-29,CV,254,245.142857142857,297.5076312337,166.414664480513,428.600597986886,23
2022-07-30,CV,185,245.0,297.529645697468,166.43191582637,428.627375568567,23
2022-07-31,CV,171,240.285714285714,297.551234636251,166.448838112057,428.653631160445,23
2022-08-01,CV,269,236.428571428571,297.572418705745,166.465447290467,428.679390121022,23
2022-08-02,CV,283,239.714285714286,297.593218689711,166.481759415058,428.704677964365,23
2022-08-03,CV,261,243.285714285714,297.613655493555,166.497790634876,428.729520352235,23
2022-08-04,CV,251,239.142857142857,297.633750137886,166.51355718958,428.753943086193,23
2022-08-05,CV,243,237.571428571429,297.653523752051,166.529075404428,428.777972099675,23
2022-08-06,CV,178,236.571428571429,297.672997567654,166.54436168526,428.801633450047,23
2022-08-07,CV,205,241.428571428571,297.692192912051,166.559432513469,428.824953310633,23
2022-08-08,CV,301,246.0,297.71113120184,166.574304440949,428.847957962731,23
2022-08-09,CV,263,243.142857142857,297.729833936327,166.588994085044,428.87067378761,23
2022-08-10,CV,223,237.714285714286,297.748322690991,166.603518123486,428.893127258496,23
2022-08-11,CV,250,237.571428571429,297.766619110931,166.617893289319,428.915344932544,23
2022-08-12,CV,241,237.285714285714,297.784744904317,166.632136365829,428.937353442805,23
2022-08-13,CV,181,237.714285714286,297.802721835828,166.646264181463,428.959179490193,23
2022-08-14,CV,174,233.285714285714,297.820571720094,166.660293604751,428.980849835438,23
2022-08-15,CV,248,225.714285714286,297.838316415135,166.674241539222,429.002391291048,23
2022-08-16,CV,281,228.285714285714,297.855977815802,166.688124918331,429.023830713272,23
2022-08-17,CV,275,235.714285714286,297.873577847223,166.70196070038,429.045194994067,23
2022-08-18,CV,280,240.0,297.89113845826,166.715765863447,429.066511053072,23
2022-08-19,CV,236,239.285714285714,297.908681614962,166.729557400327,429.087805829596,23
2022-08-20,CV,187,240.142857142857,297.926229294042,166.743352313472,429.109106274612,23
2022-08-21,CV,177,240.571428571429,297.94380347636,166.757167609945,429.130439342774,23
2022-08-22,CV,327,251.857142857143,297.961426140417,166.771020296388,429.151831984445,23
2022-08-23,CV,261,249.0,297.979119255871,166.784927373996,429.173311137745,23
2022-08-24,CV,234,243.142857142857,297.99690477707,166.798905833509,429.19490372063,23
2022-08-25,CV,281,243.285714285714,298.0148046366,166.812972650222,429.216636622979,23
2022-08-26,CV,238,243.571428571429,298.032840738863,166.827144779003,429.238536698724,23
2022-08-27,CV,163,240.142857142857,298.05103495367,166.84143914934,429.260630758001,23
2022-08-28,CV,188,241.714285714286,298.069409109864,166.855872660402,429.282945559326,23
2022-08-29,CV,295,237.142857142857,298.087984988971,166.87046217612,429.305507801822,23
2022-08-30,CV,245,234.857142857143,298.106784318876,166.885224520293,429.328344117458,23
2022-08-31,CV,217,232.428571428571,298.125828767532,166.900176471717,429.351481063347,23
2022-09-01,CV,235,225.857142857143,298.145139936703,166.91533475934,429.374945114065,23
2022-09-02,CV,212,222.142857142857,298.164739355735,166.930716057441,429.398762654029,23
2022-09-03,CV,167,222.714285714286,298.184648475369,166.946336980836,429.422959969901,23
2022-09-04,CV,192,223.285714285714,298.204888661584,166.962214080119,429.44756324305,23
2022-09-05,CV,273,220.142857142857,298.225481189488,166.978363836923,429.472598542054,23
2022-09-06,CV,257,221.857142857143,298.246447237239,166.994802659221,429.498091815256,23
2022-09-07,CV,213,222.142857142857,298.26780788001,167.011546876654,429.524068883367,23
2022-09-08,CV,284,228.642857142857,298.289584084008,167.028612735893,429.550555432123,23
2022-09-09,CV,259,235.190476190476,298.311796700518,167.04601639604,429.577577004996,23
2022-09-10,CV,220,242.678571428571,298.334466460008,167.063773924056,429.605158995961,23
2022-09-11,CV,181,241.057142857143,298.357613966277,167.081901290232,429.633326642321,23
2022-09-12,CV,289,243.309523809524,298.381259690647,167.100414363699,429.662105017595,23
2022-09-13,CV,242,241.142857142857,298.405423966213,167.119328907967,429.691519024458,23
2022-09-14,CV,256,247.285714285714,298.430126982135,167.138660576516,429.721593387754,23
2022-09-15,CV,254,243.0,298.45538877799,167.158424908418,429.752352647562,23
2022-09-16,CV,224,238.0,298.481229238174,167.178637324006,429.783821152342,23
2022-09-17,CV,180,232.285714285714,298.507668086355,167.199313120578,429.816023052133,23
2022-09-18,CV,176,231.571428571429,298.534724879993,167.220467468157,429.848982291829,23
2022-09-19,CV,274,229.428571428571,298.562419004901,167.24211540528,429.882722604522,23
2022-09-20,CV,236,228.571428571429,298.59076966988,167.264271834843,429.917267504918,23
2022-09-21,CV,253,228.142857142857,298.619795901404,167.286951519988,429.95264028282,23
2022-09-22,CV,237,225.714285714286,298.649516538363,167.310169080032,429.988863996693,23
2022-09-23,CV,205,223.0,298.679950226876,167.333938986453,430.0259614673,23
2022-09-24,CV,210,227.285714285714,298.711115415161,167.358275558912,430.06395527141,23
2022-09-25,CV,156,224.428571428571,298.743030348465,167.383192961336,430.102867735594,23
2022-09-26,CV,297,227.714285714286,298.775713064064,167.408705198039,430.142720930088,23
2022-09-27,CV,240,228.285714285714,298.809181386325,167.434826109904,430.183536662747,23
2022-09-28,CV,281,232.285714285714,298.843452921836,167.461569370603,430.22533647307,23
2022-09-29,CV,255,234.857142857143,298.878545054597,167.48894848288,430.268141626314,23
2022-09-30,CV,225,237.714285714286,298.914474941285,167.516976774881,430.311973107689,23
2022-10-01,CV,181,234.952380952381,302.820861225774,166.7992469402,438.842475511348,25
2022-10-02,CV,210,242.25,302.859004573215,166.828800637833,438.889208508596,25
2022-10-03,CV,204,228.714285714286,302.898047226117,166.859046818802,438.937047633432,25
2022-10-04,CV,312,238.833333333333,302.938005595575,166.889998158273,438.986013032876,25
2022-10-05,CV,219,229.857142857143,302.978895839475,166.921667138087,439.036124540863,25
2022-10-06,CV,300,235.857142857143,303.020733858124,166.954066043392,439.087401672856,25
2022-10-07,CV,269,242.142857142857,303.063535289951,166.987206959334,439.139863620569,25
2022-10-08,CV,208,246.0,303.10731550728,167.0211017678,439.193529246761,25
2022-10-09,CV,209,245.857142857143,303.152089612183,167.055762144225,439.248417080142,25
2022-10-10,CV,307,260.571428571429,303.197872432404,167.091199554451,439.304545310357,25
2022-10-11,CV,253,252.142857142857,303.244678517362,167.127425251644,439.361931783081,25
2022-10-12,CV,239,255.0,303.292522134229,167.164450273272,439.420593995186,25
2022-10-13,CV,231,245.142857142857,303.341417264084,167.202285438139,439.480549090029,25
2022-10-14,CV,245,241.714285714286,303.39137759815,167.240941343481,439.541813852818,25
2022-10-15,CV,191,239.285714285714,303.442416534102,167.280428362121,439.604404706084,25
2022-10-16,CV,190,236.571428571429,303.494547172461,167.320756639677,439.668337705246,25
2022-10-17,CV,282,233.0,303.547782313061,167.361936091843,439.733628534279,25
2022-10-18,CV,251,232.714285714286,303.602134451598,167.40397640172,439.800292501477,25
2022-10-19,CV,249,234.142857142857,303.657615776265,167.44688701721,439.86834453532,25
2022-10-20,CV,307,245.0,303.714238164455,167.490677148474,439.937799180435,25
2022-10-21,CV,228,242.571428571429,303.772013179557,167.535355765452,440.008670593663,25
2022-10-22,CV,182,241.285714285714,303.830952067831,167.580931595439,440.080972540223,25
2022-10-23,CV,182,240.142857142857,303.891065755357,167.627413120728,440.154718389986,25
2022-10-24,CV,315,244.857142857143,303.952364845077,167.674808576316,440.229921113838,25
2022-10-25,CV,265,246.857142857143,304.014859613912,167.723125947665,440.306593280158,25
2022-10-26,CV,263,248.857142857143,304.078560009968,167.772372968542,440.384747051394,25
2022-10-27,CV,250,240.714285714286,304.14347564982,167.822557118899,440.464394180741,25
2022-10-28,CV,240,242.428571428571,304.209615815884,167.873685622841,440.545546008928,25
2022-10-29,CV,207,246.0,304.276989453869,167.925765446635,440.628213461103,25
2022-10-30,CV,173,244.714285714286,304.345605170319,167.978803296804,440.712407043833,25
2022-10-31,CV,250,235.428571428571,304.415471230232,168.032805618265,440.798136842198,25
2022-11-01,CV,228,230.142857142857,304.486595554774,168.087778592549,440.885412516998,25
2022-11-02,CV,257,229.285714285714,304.558985719068,168.143728136073,440.974243302064,25
2022-11-03,CV,252,229.571428571429,304.63264895008,168.200659898482,441.064638001679,25
2022-11-04,CV,254,231.571428571429,304.707592124576,168.258579261056,441.156604988096,25
2022-11-05,CV,170,226.285714285714,304.783821767182,168.317491335183,441.25015219918,25
2022-11-06,CV,184,227.857142857143,304.861344048515,168.377400960892,441.345287136138,25
2022-11-07,CV,278,231.857142857143,304.940164783417,168.438312705461,441.442016861373,25
2022-11-08,CV,229,232.0,305.020289429258,168.500230862078,441.540347996438,25
2022-11-09,CV,258,232.142857142857,305.101723084343,168.563159448584,441.640286720103,25
2022-11-10,CV,253,232.285714285714,305.184470486394,168.627102206264,441.741838766525,25
2022-11-11,CV,284,236.571428571429,305.268536011127,168.692062598721,441.845009423534,25
2022-11-12,CV,193,239.857142857143,305.353923670916,168.758043810808,441.949803531024,25
2022-11-13,CV,203,242.571428571429,305.44063711354,168.825048747624,442.056225479457,25
2022-11-14,CV,301,245.857142857143,305.528679621029,168.893080033585,442.164279208472,25
2022-11-15,CV,269,251.571428571429,305.618054108585,168.962140011556,442.273968205614,25
2022-11-16,CV,230,247.571428571429,305.708763123607,169.032230742055,442.385295505159,25
2022-11-17,CV,275,250.714285714286,305.800808844791,169.103354002516,442.498263687066,25
2022-11-18,CV,254,246.428571428571,305.894193081329,169.175511286631,442.612874876027,25
2022-11-19,CV,176,244.0,305.988917272194,169.248703803752,442.729130740637,25
2022-11-20,CV,216,245.857142857143,306.084982485516,169.322932478359,442.847032492672,25
2022-11-21,CV,320,248.571428571429,306.182389418043,169.398197949609,442.966580886477,25
2022-11-22,CV,250,245.857142857143,306.281138394702,169.474500570933,443.087776218471,25
2022-11-23,CV,240,247.285714285714,306.381229368242,169.551840409723,443.210618326761,25
2022-11-24,CV,242,242.571428571429,306.482661918969,169.630217247071,443.335106590867,25
2022-11-25,CV,254,242.571428571429,306.585435254573,169.709630577584,443.461239931563,25
2022-11-26,CV,200,246.0,306.689548210051,169.790079609269,443.589016810832,25
2022-11-27,CV,180,240.857142857143,306.794999247705,169.871563263483,443.718435231928,25
2022-11-28,CV,285,235.857142857143,306.901786457255,169.954080174955,443.849492739555,25
2022-11-29,CV,272,239.0,307.00990755602,170.037628691875,443.982186420164,25
2022-11-30,CV,269,243.142857142857,307.119359889206,170.122206876059,444.116512902352,25
2022-12-01,CV,270,247.142857142857,307.230140430279,170.207812503171,444.252468357388,25
2022-12-02,CV,264,248.571428571429,307.342245781435,170.294443063028,444.390048499841,25
2022-12-03,CV,194,247.714285714286,307.455672174151,170.38209575997,444.529248588332,25
2022-12-04,CV,245,257.0,307.570415469844,170.470767513295,444.670063426393,25
2022-12-05,CV,302,259.428571428571,307.686471160607,170.560454957771,444.812487363443,25
2022-12-06,CV,255,257.0,307.803834370049,170.651154444219,444.95651429588,25
2022-12-07,CV,230,251.428571428571,307.92249985422,170.742862040159,445.102137668282,25
2022-12-08,CV,246,248.0,308.042462002633,170.835573530532,445.249350474733,25
2022-12-09,CV,245,245.285714285714,308.163714839372,170.929284418496,445.398145260249,25
2022-12-10,CV,186,244.142857142857,308.286252024307,171.023989926282,445.548514122333,25
2022-12-11,CV,222,240.857142857143,308.410066854383,171.119684996132,445.700448712633,25
2022-12-12,CV,294,239.714285714286,308.535152265016,171.216364291303,445.853940238728,25
2022-12-13,CV,252,239.285714285714,308.661500831577,171.314022197143,446.008979466011,25
2022-12-14,CV,265,244.285714285714,308.78910477097,171.412652822235,446.165556719706,25
2022-12-15,CV,238,243.142857142857,308.917955943301,171.512249999617,446.323661886984,25
2022-12-16,CV,220,239.571428571429,309.048045853641,171.612807288075,446.483284419207,25
2022-12-17,CV,186,239.571428571429,309.179365653886,171.714317973498,446.644413334275,25
2022-12-18,CV,201,236.571428571429,309.311906144705,171.816775070313,446.807037219097,25
2022-12-19,CV,237,228.428571428571,309.44565777758,171.92017132299,446.971144232171,25
2022-12-20,CV,273,231.428571428571,309.580610656949,172.024499207616,447.136722106282,25
2022-12-21,CV,242,228.142857142857,309.716754542429,172.129750933545,447.303758151314,25
2022-12-22,CV,269,232.571428571429,309.854078851142,172.235918445111,447.472239257173,25
2022-12-23,CV,262,238.571428571429,309.992572660127,172.342993423424,447.642151896831,25
2022-12-24,CV,210,242.0,310.132224708853,172.45096728823,447.813482129476,25
2022-12-25,CV,226,245.571428571429,310.273023401815,172.559831199845,447.986215603786,25
2022-12-26,CV,226,244.0,310.414956811231,172.669576061157,448.160337561306,25
2022-12-27,CV,287,246.0,310.558012679828,172.780192519709,448.335832839947,25
2022-12-28,CV,275,250.714285714286,310.702178423719,172.891670969842,448.512685877596,25
2022-12-29,CV,272,251.142857142857,310.847441135375,173.004001554916,448.690880715834,25
2022-12-30,CV,204,242.857142857143,310.99378758669,173.117174169604,448.870401003776,25
2022-12-31,CV,180,238.571428571429,311.141204232135,173.23117846225,449.05123000202,25
2023-01-01,CV,202,265.0,342.000934908402,193.134494002156,490.867375814647,26
2023-01-02,CV,289,269.714285714286,342.165200936759,193.26218335195,491.068218521569,26
2023-01-03,CV,258,259.571428571429,342.330596040615,193.3907544336,491.270437647629,26
2023-01-04,CV,280,255.142857142857,342.497103979779,193.520194746757,491.474013212801,26
2023-01-05,CV,284,250.571428571429,342.664708184159,193.650491533475,491.678924834842,26
2023-01-06,CV,241,251.0,342.833391757827,193.781631781301,491.885151734353,26
2023-01-07,CV,223,253.857142857143,343.003137483186,193.913602226432,492.092672739939,26
2023-01-08,CV,208,254.714285714286,343.17392782523,194.046389356952,492.301466293508,26
2023-01-09,CV,306,257.142857142857,343.345744935909,194.179979416147,492.511510455671,26
2023-01-10,CV,280,260.285714285714,343.518570658586,194.314358405894,492.722782911279,26
2023-01-11,CV,250,256.0,343.692386532595,194.449512090131,492.935260975058,26
2023-01-12,CV,297,257.857142857143,343.867173797887,194.585425998394,493.148921597381,26
2023-01-13,CV,267,261.571428571429,344.042913399788,194.722085429439,493.363741370138,26
2023-01-14,CV,211,259.857142857143,344.219585993833,194.859475454933,493.579696532733,26
2023-01-15,CV,223,262.0,344.397171950708,194.997580923224,493.796762978191,26
2023-01-16,CV,328,265.142857142857,344.575651361281,195.136386463177,494.014916259384,26
2023-01-17,CV,234,258.571428571429,344.755004041727,195.275876488096,494.234131595357,26
2023-01-18,CV,262,260.285714285714,344.935209538745,195.416035199706,494.454383877784,26
2023-01-19,CV,271,256.571428571429,345.116247134868,195.556846592218,494.675647677518,26
2023-01-20,CV,283,258.857142857143,345.298095853859,195.698294456458,494.897897251261,26
2023-01-21,CV,198,257.0,345.480734466207,195.840362384075,495.121106548339,26
2023-01-22,CV,189,252.142857142857,345.664141494699,195.983033771812,495.345249217587,26
2023-01-23,CV,272,244.142857142857,345.848295220094,196.126291825854,495.570298614334,26
2023-01-24,CV,275,250.0,346.033173686871,196.270119566239,495.796227807504,26
2023-01-25,CV,270,251.142857142857,346.218754709076,196.414499831343,496.023009586809,26
2023-01-26,CV,261,249.714285714286,346.405015876239,196.559415282427,496.250616470052,26
2023-01-27,CV,292,251.0,346.591934559396,196.70484840826,496.479020710531,26
2023-01-28,CV,229,255.428571428571,346.779487917169,196.850781529798,496.708194304539,26
2023-01-29,CV,236,262.142857142857,346.96765290195,196.997196804936,496.938108998965,26
2023-01-30,CV,327,270.0,347.156406266154,197.144076233316,497.168736298992,26
2023-01-31,CV,298,273.285714285714,347.345724568551,197.291401661214,497.400047475888,26
2023-02-01,CV,273,273.714285714286,347.535584180681,197.439154786469,497.632013574892,26
2023-02-02,CV,316,281.571428571429,347.725961293343,197.587317163491,497.864605423195,26
2023-02-03,CV,277,279.428571428571,347.916831923161,197.735870208319,498.097793638003,26
2023-02-04,CV,218,277.857142857143,348.108171919221,197.884795203744,498.331548634699,26
2023-02-05,CV,218,275.285714285714,348.299956969785,198.034073304486,498.565840635083,26
2023-02-06,CV,327,275.285714285714,348.492162609068,198.183685542433,498.800639675703,26
2023-02-07,CV,231,265.714285714286,348.684764224098,198.333612831934,499.035915616262,26
2023-02-08,CV,258,263.571428571429,348.877737061628,198.483835975143,499.271638148113,26
2023-02-09,CV,247,253.714285714286,349.071056235125,198.63433566742,499.507776802829,26
2023-02-10,CV,271,252.857142857143,349.264696731822,198.78509250279,499.744300960853,26
2023-02-11,CV,195,249.571428571429,349.458633419827,198.93608697944,499.981179860214,26
2023-02-12,CV,249,254.0,349.652841055303,199.087299505276,500.218382605329,26
2023-02-13,CV,332,254.714285714286,349.847294289694,199.238710403524,500.455878175864,26
2023-02-14,CV,316,266.857142857143,350.041967677024,199.39029991838,500.693635435669,26
2023-02-15,CV,282,270.285714285714,350.236835681237,199.542048220702,500.931623141772,26
2023-02-16,CV,296,277.285714285714,350.431872683599,199.693935413749,501.16980995345,26
2023-02-17,CV,320,284.285714285714,350.627052990151,199.845941538961,501.408164441342,26
2023-02-18,CV,238,290.428571428571,350.822350839208,199.998046581778,501.646655096637,26
2023-02-19,CV,247,290.142857142857,351.017740408905,200.150230477503,501.885250340307,26
2023-02-20,CV,352,293.0,351.213195824799,200.302473117197,502.1239185324,26
2023-02-21,CV,301,290.857142857143,351.408691167495,200.454754353611,502.362627981379,26
2023-02-22,CV,283,291.0,351.604200480333,200.607054007156,502.60134695351,26
2023-02-23,CV,337,296.857142857143,351.799697777098,200.7593518719,502.840043682296,26
2023-02-24,CV,286,292.0,351.99515704978,200.911627721603,503.078686377957,26
2023-02-25,CV,221,289.571428571429,352.190552276352,201.063861315766,503.317243236938,26
2023-02-26,CV,206,283.714285714286,352.385857428598,201.216032405727,503.55568245147,26
2023-02-27,CV,347,283.0,352.581046479958,201.368120740768,503.793972219149,26
2023-02-28,CV,302,283.142857142857,352.776093413401,201.520106074246,504.032080752557,26
2023-03-01,CV,298,285.285714285714,352.97097222933,201.671968169754,504.269976288905,26
2023-03-02,CV,310,281.428571428571,353.165656953497,201.82368680729,504.507627099704,26
2023-03-03,CV,309,284.714285714286,353.360121644954,201.975241789453,504.745001500455,26
2023-03-04,CV,226,285.428571428571,353.554340404001,202.126612947647,504.982067860355,26
2023-03-05,CV,254,292.285714285714,353.748287380168,202.277780148305,505.218794612032,26
2023-03-06,CV,341,291.428571428571,353.941936780192,202.428723299114,505.455150261269,26
2023-03-07,CV,298,290.857142857143,354.135262876014,202.579422355265,505.691103396763,26
2023-03-08,CV,273,287.285714285714,354.328240012778,202.729857325691,505.926622699864,26
2023-03-09,CV,286,283.857142857143,354.520842616834,202.880008279326,506.161676954342,26
2023-03-10,CV,322,285.714285714286,354.713045203741,203.029855351356,506.396235056127,26
2023-03-11,CV,229,286.142857142857,354.904822386273,203.179378749477,506.630266023068,26
2023-03-12,CV,239,284.0,355.096148882407,203.328558760146,506.863739004667,26
2023-03-13,CV,361,286.857142857143,355.286999523323,203.477375754834,507.096623291812,26
2023-03-14,CV,290,285.714285714286,355.477349261378,203.625810196265,507.32888832649,26
2023-03-15,CV,269,284.857142857143,355.66717317807,203.773842644655,507.560503711485,26
2023-03-16,CV,339,292.428571428571,355.856446491991,203.921453763932,507.791439220049,26
2023-03-17,CV,351,296.571428571429,356.045144566755,204.068624327952,508.021664805558,26
2023-03-18,CV,225,296.0,356.233242918907,204.215335226687,508.251150611127,26
2023-03-19,CV,237,295.857142857143,356.420717225807,204.361567472413,508.479866979201,26
2023-03-20,CV,363,296.142857142857,356.607543333482,204.507302205857,508.707784461106,26
2023-03-21,CV,302,298.0,356.793697264453,204.65252070234,508.934873826566,26
2023-03-22,CV,293,301.428571428571,356.979155225524,204.797204377882,509.161106073165,26
2023-03-23,CV,262,290.428571428571,357.163893615535,204.941334795291,509.386452435779,26
2023-03-24,CV,262,277.714285714286,357.347889033076,205.08489367021,509.610884395942,26
2023-03-25,CV,258,282.428571428571,357.531118284155,205.227862877144,509.834373691166,26
2023-03-26,CV,220,280.0,357.713558389825,205.370224455444,510.056892324205,26
2023-03-27,CV,300,271.0,357.895186593756,205.511960615262,510.27841257225,26
2023-03-28,CV,301,270.857142857143,358.075980369761,205.653053743456,510.498906996066,26
2023-03-29,CV,309,273.142857142857,358.255917429263,205.793486409467,510.718348449059,26
2023-03-30,CV,313,280.428571428571,358.434975728703,205.933241371142,510.936710086265,26
2023-03-31,CV,262,280.428571428571,358.613133476892,206.072301580511,511.153965373273,26
2023-04-01,CV,225,275.714285714286,359.031440228737,206.329750620033,511.73312983744,26
2023-04-02,CV,208,274.0,359.207850997415,206.467480078366,511.948221916463,26
2023-04-03,CV,291,272.714285714286,359.383296780056,206.604464278189,512.162129281923,26
2023-04-04,CV,226,262.0,359.557756853192,206.740686992031,512.374826714354,26
2023-04-05,CV,289,259.142857142857,359.731210781643,206.876132214904,512.586289348381,26
2023-04-06,CV,250,250.142857142857,359.903638425433,207.010784169761,512.796492681106,26
2023-04-07,CV,184,239.0,360.075019946646,207.144627312889,513.005412580403,26
2023-04-08,CV,226,239.142857142857,360.245335816171,207.27764633924,513.213025293101,26
2023-04-09,CV,202,238.285714285714,360.414566820378,207.40982618769,513.419307453066,26
2023-04-10,CV,226,229.0,360.582694067698,207.541152046235,513.624236089161,26
2023-04-11,CV,330,243.857142857143,360.749698995107,207.671609357109,513.827788633105,26
2023-04-12,CV,282,242.857142857143,360.915563374514,207.801183821827,514.029942927201,26
2023-04-13,CV,258,244.0,361.080269319058,207.929861406163,514.230677231953,26
2023-04-14,CV,291,259.285714285714,361.24379928929,208.057628345032,514.429970233548,26
2023-04-15,CV,247,260.714285714286,361.406136099262,208.184471147306,514.627801051219,26
2023-04-16,CV,201,260.714285714286,361.567262922504,208.310376600538,514.824149244469,26
2023-04-17,CV,,,361.727163297888,208.435331775608,515.018994820167,26
2023-04-18,CV,,,361.885821135389,208.559324031275,515.212318239503,26
2023-04-19,CV,,,362.043220721722,208.682341018644,515.4041004248,26
2023-04-20,CV,,,362.199346725863,208.804370685541,515.594322766185,26
2023-04-21,CV,,,362.354184204458,208.925401280798,515.782967128117,26
2023-04-22,CV,,,362.507718607095,209.045421358434,515.970015855755,26
2023-04-23,CV,,,362.659935781467,209.16441978175,516.155451781184,26
2023-04-24,CV,,,362.810821978397,209.282385727315,516.339258229479,26
2023-04-25,CV,,,362.960363856738,209.399308688864,516.521419024612,26
2023-04-26,CV,,,363.108548488138,209.515178481075,516.701918495202,26
2023-04-27,CV,,,363.255363361679,209.629985243263,516.880741480094,26
2023-04-28,CV,,,363.400796388367,209.743719442951,517.057873333782,26
2023-04-29,CV,,,363.544835905498,209.856371879342,517.233299931653,26
2023-04-30,CV,,,363.687470680874,209.96793368668,517.407007675068,26
2023-05-01,CV,,,363.828689916881,210.078396337499,517.578983496263,26
2023-05-02,CV,,,363.968483254424,210.187751645763,517.749214863084,26
2023-05-03,CV,,,364.10684077671,210.295991769886,517.917689783534,26
2023-05-04,CV,,,364.243753012895,210.403109215645,518.084396810145,26
2023-05-05,CV,,,364.379210941568,210.509096838968,518.249325044168,26
2023-05-06,CV,,,364.513205994097,210.613947848611,518.412464139582,26
2023-05-07,CV,,,364.64573005781,210.717655808712,518.573804306907,26
2023-05-08,CV,,,364.776775479036,210.820214641227,518.733336316846,26
2023-05-09,CV,,,364.906335065978,210.921618628239,518.891051503717,26
2023-05-10,CV,,,365.034402091436,211.021862414154,519.046941768718,26
2023-05-11,CV,,,365.160970295371,211.120941007764,519.200999582979,26
2023-05-12,CV,,,365.286033887309,211.218849784191,519.353217990428,26
2023-05-13,CV,,,365.409587548585,211.315584486701,519.503590610469,26
2023-05-14,CV,,,365.531626434424,211.411141228398,519.65211164045,26
2023-05-15,CV,,,365.652146175864,211.505516493784,519.798775857944,26
2023-05-16,CV,,,365.771142881511,211.598707140195,519.943578622827,26
2023-05-17,CV,,,365.88861313913,211.690710399105,520.086515879155,26
2023-05-18,CV,,,366.004554017076,211.781523877306,520.227584156846,26
2023-05-19,CV,,,366.118963065553,211.871145557953,520.366780573152,26
2023-05-20,CV,,,366.23183831771,211.95957380148,520.504102833941,26
2023-05-21,CV,,,366.343178290574,212.046807346386,520.639549234761,26
2023-05-22,CV,,,366.452981985804,212.13284530989,520.773118661717,26
2023-05-23,CV,,,366.561248890293,212.217687188454,520.904810592131,26
2023-05-24,CV,,,366.667978976589,212.301332858171,521.034625095006,26
2023-05-25,CV,,,366.773172703155,212.383782575028,521.162562831283,26
2023-05-26,CV,,,366.876831014461,212.465036975029,521.288625053893,26
2023-05-27,CV,,,366.978955340901,212.545097074193,521.412813607608,26
2023-05-28,CV,,,367.079547598551,212.623964268415,521.535130928687,26
2023-05-29,CV,,,367.178610188751,212.701640333194,521.655580044309,26
2023-05-30,CV,,,367.276145997527,212.778127423235,521.774164571819,26
2023-05-31,CV,,,367.372158394833,212.853428071913,521.890888717754,26
2023-06-01,CV,,,367.466651233643,212.927545190608,522.005757276678,26
2023-06-02,CV,,,367.559628848859,213.000482067909,522.118775629809,26
2023-06-03,CV,,,367.651096056062,213.072242368685,522.229949743438,26
2023-06-04,CV,,,367.741058150099,213.142830133031,522.339286167166,26
2023-06-05,CV,,,367.829520903495,213.212249775075,522.446792031915,26
2023-06-06,CV,,,367.916490564714,213.280506081663,522.552475047765,26
2023-06-07,CV,,,368.001973856243,213.347604210915,522.65634350157,26
2023-06-08,CV,,,368.085977972521,213.413549690647,522.758406254395,26
2023-06-09,CV,,,368.168510577707,213.478348416669,522.858672738745,26
2023-06-10,CV,,,368.249579803284,213.542006650963,522.957152955604,26
2023-06-11,CV,,,368.329194245502,213.604531019721,523.053857471282,26
2023-06-12,CV,,,368.407362962668,213.665928511271,523.148797414065,26
2023-06-13,CV,,,368.484095472275,213.726206473873,523.241984470677,26
2023-06-14,CV,,,368.559401747975,213.785372613392,523.333430882558,26
2023-06-15,CV,,,368.633292216399,213.843434990852,523.423149441945,26
2023-06-16,CV,,,368.705777753824,213.900402019871,523.511153487777,26
2023-06-17,CV,,,368.776869682687,213.956282463965,523.597456901409,26
2023-06-18,CV,,,368.846579767952,214.011085433752,523.682074102152,26
2023-06-19,CV,,,368.914920213324,214.064820384023,523.765020042626,26
2023-06-20,CV,,,368.981903657324,214.117497110707,523.84631020394,26
2023-06-21,CV,,,369.047543169206,214.169125747715,523.925960590698,26
2023-06-22,CV,,,369.111852244754,214.21971676368,524.003987725827,26
2023-06-23,CV,,,369.174844801907,214.269280958576,524.080408645238,26
2023-06-24,CV,,,369.236535176277,214.317829460234,524.15524089232,26
2023-06-25,CV,,,369.296938116504,214.365373720747,524.228502512261,26
2023-06-26,CV,,,369.356068779493,214.41192551277,524.300212046217,26
2023-06-27,CV,,,369.413942725511,214.457496925712,524.37038852531,26
2023-06-28,CV,,,369.470575913151,214.502100361829,524.439051464472,26
2023-06-29,CV,,,369.525984694174,214.545748532212,524.506220856137,26
2023-06-30,CV,,,369.580185808226,214.58845445268,524.571917163772,26
2022-07-01,NC,272,255.285714285714,312.401143949827,180.037520339294,444.76476756036,23
2022-07-02,NC,218,254.714285714286,312.513478568473,180.125956176063,444.901000960884,23
2022-07-03,NC,214,258.5,312.621427279588,180.210949589456,445.03190496972,23
2022-07-04,NC,297,259.714285714286,312.724971906227,180.292485694222,445.157458118232,23
2022-07-05,NC,263,259.892857142857,312.824095755646,180.370550788297,445.277640722995,23
2022-07-06,NC,250,255.942857142857,312.918783627171,180.44513235954,445.392434894803,23
2022-07-07,NC,277,257.061904761905,313.009021819398,180.516219091911,445.501824546885,23
2022-07-08,NC,263,255.142857142857,313.094798136713,180.583800871085,445.605795402341,23
2022-07-09,NC,208,253.142857142857,313.176101895139,180.647868789509,445.704335000769,23
2022-07-10,NC,212,252.857142857143,313.252923927493,180.708415150882,445.797432704105,23
2022-07-11,NC,311,254.857142857143,313.32525658786,180.765433474072,445.885079701649,23
2022-07-12,NC,276,256.714285714286,313.39309375537,180.818918496453,445.967269014287,23
2022-07-13,NC,283,261.428571428571,313.456430837286,180.868866176668,446.043995497904,23
2022-07-14,NC,274,261.0,313.515264771395,180.915273696811,446.115255845978,23
2022-07-15,NC,242,258.0,313.569594027698,180.958139464028,446.181048591369,23
2022-07-16,NC,222,260.0,313.619418609409,180.997463111538,446.24137410728,23
2022-07-17,NC,223,261.571428571429,313.664740053242,181.033245499071,446.296234607412,23
2022-07-18,NC,311,261.571428571429,313.705561429012,181.065488712725,446.345634145299,23
2022-07-19,NC,244,257.0,313.741887338529,181.094196064233,446.389578612826,23
2022-07-20,NC,256,253.142857142857,313.773723913798,181.11937208966,446.428075737936,23
2022-07-21,NC,289,255.285714285714,313.801078814517,181.141022547511,446.461135081522,23
2022-07-22,NC,242,255.285714285714,313.823961224889,181.159154416264,446.488768033513,23
2022-07-23,NC,231,256.571428571429,313.842381849736,181.173775891325,446.510987808148,23
2022-07-24,NC,199,253.142857142857,313.85635290993,181.184896381407,446.527809438453,23
2022-07-25,NC,302,251.857142857143,313.865888137132,181.192526504347,446.539249769916,23
2022-07-26,NC,258,253.857142857143,313.871002767858,181.196678082343,446.545327453372,23
2022-07-27,NC,228,249.857142857143,313.871713536866,181.197364136638,446.546062937093,23
2022-07-28,NC,264,246.285714285714,313.86803866987,181.194598881638,446.541478458103,23
2022-07-29,NC,276,251.142857142857,313.859997875597,181.18839771848,446.531598032713,23
2022-07-30,NC,227,250.571428571429,313.847612337173,181.178777228053,446.516447446293,23
2022-07-31,NC,221,253.714285714286,313.830904702871,181.165755163468,446.496054242274,23
2022-08-01,NC,273,249.571428571429,313.809899076203,181.149350441998,446.470447710407,23
2022-08-02,NC,259,249.714285714286,313.78462100538,181.129583136486,446.439658874274,23
2022-08-03,NC,246,252.285714285714,313.755097472147,181.10647446623,446.403720478064,23
2022-08-04,NC,264,252.285714285714,313.721356879984,181.080046787346,446.362666972621,23
2022-08-05,NC,269,251.285714285714,313.683429041713,181.050323582634,446.316534500791,23
2022-08-06,NC,200,247.428571428571,313.641345166488,181.017329450929,446.265360882046,23
2022-08-07,NC,214,246.428571428571,313.595137846204,180.981090095976,446.209185596431,23
2022-08-08,NC,323,253.571428571429,313.544841041313,180.941632314808,446.148049767819,23
2022-08-09,NC,284,257.142857142857,313.490490066082,180.898983985657,446.081996146507,23
2022-08-10,NC,214,252.571428571429,313.432121573274,180.853174055399,446.011069091149,23
2022-08-11,NC,277,254.428571428571,313.369773538297,180.804232526548,445.935314550046,23
2022-08-12,NC,259,253.0,313.3034852428,180.752190443795,445.854780041805,23
2022-08-13,NC,228,257.0,313.233297257757,180.697079880126,445.769514635389,23
2022-08-14,NC,221,258.0,313.159251426029,180.638933922504,445.679568929555,23
2022-08-15,NC,285,252.571428571429,313.081390844429,180.57778665715,445.584995031708,23
2022-08-16,NC,277,251.571428571429,312.999759845298,180.513673154414,445.485846536182,23
2022-08-17,NC,267,259.142857142857,312.91440397761,180.446629453257,445.382178501962,23
2022-08-18,NC,234,253.0,312.825369987614,180.376692545361,445.274047429866,23
2022-08-19,NC,257,252.714285714286,312.732705799028,180.303900358864,445.161511239191,23
2022-08-20,NC,240,254.428571428571,312.636460492802,180.228291741746,445.044629243858,23
2022-08-21,NC,193,250.428571428571,312.536684286465,180.149906444874,444.923462128057,23
2022-08-22,NC,318,255.142857142857,312.43342851306,180.068785104711,444.798071921409,23
2022-08-23,NC,271,254.285714285714,312.326745599695,179.984969225714,444.668521973675,23
2022-08-24,NC,283,256.571428571429,312.21668904572,179.898501162429,444.534876929011,23
2022-08-25,NC,287,264.142857142857,312.103313400541,179.809424101283,444.397202699799,23
2022-08-26,NC,250,263.142857142857,311.98667424109,179.717782042116,444.255566440063,23
2022-08-27,NC,214,259.428571428571,311.866828148961,179.623619779428,444.110036518495,23
2022-08-28,NC,205,261.142857142857,311.743832687245,179.526982883392,443.960682491097,23
2022-08-29,NC,279,255.571428571429,311.617746377044,179.427917680613,443.807575073475,23
2022-08-30,NC,270,255.428571428571,311.488628673724,179.326471234671,443.650786112776,23
2022-08-31,NC,288,256.142857142857,311.356539942883,179.22269132645,443.490388559316,23
2022-09-01,NC,291,256.714285714286,311.221541436075,179.116626434262,443.326456437888,23
2022-09-02,NC,243,255.714285714286,311.083695266294,179.008325713796,443.159064818792,23
2022-09-03,NC,196,253.142857142857,310.943064383234,178.897838977885,442.988289788583,23
2022-09-04,NC,224,255.857142857143,310.799712548349,178.785216676121,442.814208420577,23
2022-09-05,NC,291,257.571428571429,310.653704309716,178.670509874321,442.63689874511,23
2022-09-06,NC,250,254.714285714286,310.505104976724,178.553770233863,442.456439719586,23
2022-09-07,NC,276,253.0,310.353980594611,178.435049990898,442.272911198324,23
2022-09-08,NC,281,251.571428571429,310.200397918843,178.314401935469,442.086393902217,23
2022-09-09,NC,298,259.428571428571,310.044424389375,178.19187939052,441.89696938823,23
2022-09-10,NC,233,264.714285714286,309.886128104793,178.067536190839,441.704720018747,23
2022-09-11,NC,258,269.571428571429,309.72557779636,177.941426661928,441.509728930791,23
2022-09-12,NC,318,273.428571428571,309.562842801972,177.813605598823,441.312080005122,23
2022-09-13,NC,297,280.142857142857,309.397993040056,177.684128244866,441.111857835247,23
2022-09-14,NC,267,278.857142857143,309.2310989834,177.553050270457,440.909147696343,23
2022-09-15,NC,263,276.285714285714,309.062231632953,177.420427751784,440.704035514123,23
2022-09-16,NC,270,272.285714285714,308.891462491595,177.286317149547,440.496607833643,23
2022-09-17,NC,204,268.142857142857,308.718863537894,177.150775287696,440.286951788093,23
2022-09-18,NC,223,263.142857142857,308.544507199873,177.013859332183,440.075155067563,23
2022-09-19,NC,266,255.714285714286,308.368466328781,176.87562676975,439.861305887811,23
2022-09-20,NC,252,249.285714285714,308.190814172902,176.736135386755,439.64549295905,23
2022-09-21,NC,264,248.857142857143,308.011624351407,176.595443248051,439.427805454764,23
2022-09-22,NC,234,244.714285714286,307.830970828256,176.453608675938,439.208332980574,23
2022-09-23,NC,263,243.714285714286,307.648927886171,176.310690229184,438.987165543159,23
2022-09-24,NC,202,243.428571428571,307.465570100694,176.166746682127,438.764393519261,23
2022-09-25,NC,206,241.0,307.28097231433,176.021837003888,438.540107624772,23
2022-09-26,NC,301,246.0,307.095209610806,175.876020337677,438.314398883934,23
2022-09-27,NC,251,245.857142857143,306.908357289431,175.729355980219,438.087358598644,23
2022-09-28,NC,257,244.857142857143,306.720490839605,175.581903361309,437.859078317901,23
2022-09-29,NC,288,252.571428571429,306.531685915446,175.433722023498,437.629649807393,23
2022-09-30,NC,295,257.142857142857,306.34201831058,175.284871601924,437.399165019236,23
2022-10-01,NC,241,266.535714285714,313.489637083506,176.183947811349,450.795326355663,25
2022-10-02,NC,222,268.085714285714,313.293889939523,176.031343483216,450.556436395829,25
2022-10-03,NC,254,261.119047619048,313.097492869829,175.878241262322,450.316744477336,25
2022-10-04,NC,307,268.714285714286,312.900523801404,175.724701994627,450.076345608182,25
2022-10-05,NC,263,269.0,312.703060677655,175.570786519579,449.83533483573,25
2022-10-06,NC,294,269.142857142857,312.505181433736,175.416555650651,449.593807216821,25
2022-10-07,NC,268,264.142857142857,312.306963972088,175.262070156064,449.351857788113,25
2022-10-08,NC,229,262.428571428571,312.108486138205,175.107390739733,449.109581536678,25
2022-10-09,NC,245,265.714285714286,311.90982569664,174.95257802242,448.867073370861,25
2022-10-10,NC,299,272.142857142857,311.711060307258,174.797692523112,448.624428091404,25
2022-10-11,NC,263,265.857142857143,311.51226750174,174.64279464063,448.38174036285,25
2022-10-12,NC,269,266.714285714286,311.313524660346,174.487944635459,448.139104685233,25
2022-10-13,NC,271,263.428571428571,311.114908988948,174.333202611831,447.896615366066,25
2022-10-14,NC,257,261.857142857143,310.916497496333,174.178628500042,447.654366492624,25
2022-10-15,NC,231,262.142857142857,310.718366971782,174.024282039017,447.412451904548,25
2022-10-16,NC,222,258.857142857143,310.520593962939,173.870222759126,447.170965166752,25
2022-10-17,NC,293,258.0,310.323254753966,173.716509965264,446.929999542668,25
2022-10-18,NC,290,261.857142857143,310.12642534399,173.563202720175,446.689647967805,25
2022-10-19,NC,273,262.428571428571,309.930181425854,173.410359828051,446.450003023657,25
2022-10-20,NC,264,261.428571428571,309.734598365168,173.258039818392,446.211156911945,25
2022-10-21,NC,270,263.285714285714,309.539751179664,173.106300930131,445.973201429197,25
2022-10-22,NC,205,259.571428571429,309.345714518866,172.955201096036,445.736227941697,25
2022-10-23,NC,204,257.0,309.152562644072,172.804797927374,445.500327360769,25
2022-10-24,NC,258,252.0,308.960369408646,172.655148698865,445.265590118428,25
2022-10-25,NC,239,244.714285714286,308.769208238645,172.506310333893,445.032106143396,25
2022-10-26,NC,266,243.714285714286,308.579152113742,172.358339390007,444.799964837477,25
2022-10-27,NC,247,241.285714285714,308.390273548499,172.2112920447,444.569255052298,25
2022-10-28,NC,288,243.857142857143,308.202644573942,172.065224081454,444.34006506643,25
2022-10-29,NC,189,241.571428571429,308.016336719475,171.920190876081,444.112482562868,25
2022-10-30,NC,267,250.571428571429,307.831420995116,171.77624738333,443.886594606901,25
2022-10-31,NC,225,245.857142857143,307.64796787406,171.633448123779,443.66248762434,25
2022-11-01,NC,262,249.142857142857,307.46604727557,171.491847171005,443.440247380135,25
2022-11-02,NC,274,250.285714285714,307.285728548201,171.351498139031,443.21995895737,25
2022-11-03,NC,254,251.285714285714,307.107080453338,171.21245417005,443.001706736625,25
2022-11-04,NC,244,245.0,306.930171149078,171.074767922428,442.785574375729,25
2022-11-05,NC,188,244.857142857143,306.755068174431,170.938491558979,442.571644789883,25
2022-11-06,NC,196,234.714285714286,306.58183843384,170.803676735514,442.360000132166,25
2022-11-07,NC,276,242.0,306.41054818204,170.670374589665,442.150721774414,25
2022-11-08,NC,248,240.0,306.241263009226,170.538635729971,441.943890288481,25
2022-11-09,NC,250,236.571428571429,306.074047826554,170.408510225241,441.739585427866,25
2022-11-10,NC,253,236.428571428571,305.908966851954,170.28004759418,441.537886109728,25
2022-11-11,NC,295,243.714285714286,305.746083596264,170.15329679527,441.338870397258,25
2022-11-12,NC,207,246.428571428571,305.585460849678,170.028306216925,441.142615482432,25
2022-11-13,NC,179,244.0,305.427160668511,169.90512366789,440.949197669132,25
2022-11-14,NC,311,249.0,305.271244362266,169.783796367908,440.758692356624,25
2022-11-15,NC,311,258.0,305.117772481019,169.664370938626,440.571174023411,25
2022-11-16,NC,246,257.428571428571,304.966804803099,169.546893394758,440.386716211439,25
2022-11-17,NC,266,259.285714285714,304.818400323077,169.431409135488,440.205391510666,25
2022-11-18,NC,256,253.714285714286,304.672617240051,169.317962936121,440.027271543982,25
2022-11-19,NC,202,253.0,304.529512946222,169.20659893996,439.852426952484,25
2022-11-20,NC,210,257.428571428571,304.389144015764,169.097360650432,439.680927381096,25
2022-11-21,NC,295,255.142857142857,304.251566193985,168.99029092343,439.512841464541,25
2022-11-22,NC,301,253.714285714286,304.116834386768,168.885431959894,439.348236813641,25
2022-11-23,NC,293,260.428571428571,303.985002650289,168.782825298605,439.187180001973,25
2022-11-24,NC,324,268.714285714286,303.856124181019,168.682511809201,439.029736552837,25
2022-11-25,NC,265,270.0,303.730251305991,168.584531685408,438.875970926574,25
2022-11-26,NC,224,273.142857142857,303.607435473338,168.488924438478,438.725946508197,25
2022-11-27,NC,227,275.571428571429,303.487727243091,168.395728890838,438.579725595344,25
2022-11-28,NC,314,278.285714285714,303.371176278243,168.304983169932,438.437369386553,25
2022-11-29,NC,253,271.428571428571,303.257831336059,168.216724702269,438.298937969848,25
2022-11-30,NC,271,268.285714285714,303.147740259643,168.130990207655,438.164490311631,25
2022-12-01,NC,275,261.285714285714,303.04094996975,168.047815693624,438.034084245876,25
2022-12-02,NC,258,260.285714285714,302.937506456834,167.967236450037,437.907776463631,25
2022-12-03,NC,252,264.285714285714,302.837454773343,167.88928704388,437.785622502806,25
2022-12-04,NC,228,264.428571428571,302.740839026235,167.814001314218,437.667676738251,25
2022-12-05,NC,296,261.857142857143,302.647702369731,167.741412367332,437.55399237213,25
2022-12-06,NC,240,260.0,302.558086998288,167.671552572017,437.44462142456,25
2022-12-07,NC,268,259.571428571429,302.472034139792,167.604453555041,437.339614724543,25
2022-12-08,NC,247,255.571428571429,302.389584048961,167.540146196768,437.239021901154,25
2022-12-09,NC,248,254.142857142857,302.310776000966,167.47866062692,437.142891375011,25
2022-12-10,NC,224,250.142857142857,302.235648285251,167.420026220505,437.051270349996,25
2022-12-11,NC,213,248.0,302.164238199557,167.364271593873,436.964204805242,25
2022-12-12,NC,286,246.571428571429,302.096582044146,167.311424600925,436.881739487367,25
2022-12-13,NC,277,251.857142857143,302.032715116207,167.26151232945,436.803917902964,25
2022-12-14,NC,244,248.428571428571,301.972671704464,167.214561097596,436.730782311333,25
2022-12-15,NC,254,249.428571428571,301.916485083961,167.170596450471,436.662373717451,25
2022-12-16,NC,250,249.714285714286,301.864187511025,167.129643156863,436.598731865186,25
2022-12-17,NC,195,245.571428571429,301.81581021841,167.091725206088,436.539895230733,25
2022-12-18,NC,225,247.285714285714,301.771383410615,167.056865804942,436.485901016288,25
2022-12-19,NC,342,255.285714285714,301.730936259361,167.025087374781,436.436785143941,25
2022-12-20,NC,273,254.714285714286,301.694496899243,166.996411548695,436.39258224979,25
2022-12-21,NC,260,257.0,301.662092423536,166.970859168798,436.353325678275,25
2022-12-22,NC,279,260.571428571429,301.633748880167,166.948450283614,436.31904747672,25
2022-12-23,NC,251,260.714285714286,301.609491267828,166.929204145566,436.28977839009,25
2022-12-24,NC,225,265.0,301.589343532252,166.913139208556,436.265547855948,25
2022-12-25,NC,205,262.142857142857,301.573328562634,166.900273125645,436.246383999624,25
2022-12-26,NC,220,244.714285714286,301.561468188191,166.89062274681,436.232313629572,25
2022-12-27,NC,287,246.714285714286,301.55378317487,166.884204116803,436.223362232936,25
2022-12-28,NC,248,245.0,301.550293222193,166.881032473084,436.219553971302,25
2022-12-29,NC,226,237.428571428571,301.551016960239,166.881122243837,436.220911676641,25
2022-12-30,NC,232,234.714285714286,301.555971946757,166.884487046068,436.227456847447,25
2022-12-31,NC,162,225.714285714286,301.565174664418,166.89113968378,436.239209645056,25
2023-01-01,NC,223,247.142857142857,326.076724700827,181.897876240734,470.255573160921,26
2023-01-02,NC,265,251.571428571429,326.095909354996,181.912277286634,470.279541423359,26
2023-01-03,NC,232,239.571428571429,326.119733258152,181.930278258887,470.309188257418,26
2023-01-04,NC,261,238.857142857143,326.148209555251,181.951889487604,470.344529622897,26
2023-01-05,NC,250,238.428571428571,326.181350216012,181.97712041264,470.385580019383,26
2023-01-06,NC,243,236.714285714286,326.219166032754,182.005979582065,470.432352483442,26
2023-01-07,NC,226,242.857142857143,326.261666618359,182.038474650718,470.484858585999,26
2023-01-08,NC,220,242.428571428571,326.308860404363,182.074612378821,470.543108429905,26
2023-01-09,NC,296,246.857142857143,326.360754639179,182.114398630668,470.607110647689,26
2023-01-10,NC,268,252.0,326.41735538644,182.157838373384,470.676872399496,26
2023-01-11,NC,303,258.0,326.478667523478,182.204935675746,470.752399371211,26
2023-01-12,NC,260,259.428571428571,326.544694739918,182.255693707077,470.833695772759,26
2023-01-13,NC,272,263.571428571429,326.615439536403,182.310114736202,470.920764336603,26
2023-01-14,NC,195,259.142857142857,326.690903223448,182.368200130481,471.013606316415,26
2023-01-15,NC,225,259.857142857143,326.771085920416,182.429950354895,471.112221485936,26
2023-01-16,NC,290,259.0,326.855986554617,182.495364971217,471.216608138018,26
2023-01-17,NC,258,257.571428571429,326.945602860546,182.564442637231,471.326763083861,26
2023-01-18,NC,277,253.857142857143,327.039931379233,182.637181106042,471.442681652424,26
2023-01-19,NC,276,256.142857142857,327.138967457734,182.713577225438,471.56435769003,26
2023-01-20,NC,269,255.714285714286,327.242705248749,182.793626937331,471.691783560167,26
2023-01-21,NC,223,259.714285714286,327.351137710366,182.877325277269,471.824950143464,26
2023-01-22,NC,219,258.857142857143,327.464256605949,182.964666374022,471.963846837876,26
2023-01-23,NC,296,259.714285714286,327.582052504148,183.055643449243,472.108461559052,26
2023-01-24,NC,293,264.714285714286,327.704514779054,183.1502488172,472.258780740907,26
2023-01-25,NC,305,268.714285714286,327.831631610492,183.248473884598,472.414789336385,26
2023-01-26,NC,300,272.142857142857,327.963389984452,183.350309150471,472.576470818432,26
2023-01-27,NC,306,277.428571428571,328.099775693668,183.455744206164,472.743807181171,26
2023-01-28,NC,252,281.571428571429,328.240773338337,183.564767735396,472.916778941278,26
2023-01-29,NC,218,281.428571428571,328.386366326995,183.677367514415,473.095365139576,26
2023-01-30,NC,302,282.285714285714,328.536536877539,183.793530412241,473.279543342837,26
2023-01-31,NC,328,287.285714285714,328.691266018405,183.913242391003,473.469289645807,26
2023-02-01,NC,284,284.285714285714,328.850533589911,184.036488506377,473.664578673446,26
2023-02-02,NC,308,285.428571428571,329.014318245754,184.163252908116,473.865383583392,26
2023-02-03,NC,268,280.0,329.182597454677,184.293518840692,474.071676068661,26
2023-02-04,NC,249,279.571428571429,329.355347502305,184.42726864404,474.28342636057,26
2023-02-05,NC,245,283.428571428571,329.532543493158,184.564483754413,474.500603231903,26
2023-02-06,NC,306,284.0,329.714159352835,184.705144705355,474.723174000314,26
2023-02-07,NC,303,280.428571428571,329.900167830386,184.849231128789,474.951104531982,26
2023-02-08,NC,297,282.285714285714,330.090540500869,184.996721756228,475.18435924551,26
2023-02-09,NC,257,275.0,330.285247768097,185.147594420113,475.42290111608,26
2023-02-10,NC,263,274.285714285714,330.484258867581,185.301826055286,475.666691679875,26
2023-02-11,NC,262,276.142857142857,330.687541869674,185.459392700591,475.915691038756,26
2023-02-12,NC,250,276.857142857143,330.895063682921,185.620269500622,476.16985786522,26
2023-02-13,NC,309,277.285714285714,331.106790057619,185.784430707613,476.429149407625,26
2023-02-14,NC,291,275.571428571429,331.32268558959,185.951849683477,476.693521495702,26
2023-02-15,NC,305,276.714285714286,331.542713724176,186.122498901999,476.962928546353,26
2023-02-16,NC,259,277.0,331.766836760466,186.296349951194,477.237323569737,26
2023-02-17,NC,294,281.428571428571,331.995015855741,186.47337353582,477.516658175661,26
2023-02-18,NC,226,276.285714285714,332.227211030169,186.653539480069,477.800882580269,26
2023-02-19,NC,237,274.428571428571,332.463381171734,186.836816730428,478.089945613041,26
2023-02-20,NC,328,277.142857142857,332.703484041416,187.02317335872,478.383794724111,26
2023-02-21,NC,300,278.428571428571,332.947476278621,187.212576565337,478.682375991905,26
2023-02-22,NC,290,276.285714285714,333.195313406873,187.404992682649,478.985634131098,26
2023-02-23,NC,301,282.285714285714,333.446949839774,187.600387178629,479.29351250092,26
2023-02-24,NC,289,281.571428571429,333.702338887222,187.79872466066,479.605953113783,26
2023-02-25,NC,227,281.714285714286,333.961432761915,187.999968879561,479.922896644269,26
2023-02-26,NC,236,281.571428571429,334.224182586139,188.204082733824,480.244282438453,26
2023-02-27,NC,315,279.714285714286,334.490538398831,188.411028274063,480.570048523598,26
2023-02-28,NC,311,281.285714285714,334.760449162946,188.620766707692,480.900131618199,26
2023-03-01,NC,294,281.857142857143,335.033862773117,188.83325840383,481.234467142404,26
2023-03-02,NC,303,282.142857142857,335.310726063624,189.048462898441,481.572989228807,26
2023-03-03,NC,289,282.142857142857,335.590984816664,189.266338899711,481.915630733618,26
2023-03-04,NC,261,287.0,335.874583770947,189.486844293674,482.26232324822,26
2023-03-05,NC,243,288.0,336.161466630605,189.709936150087,482.612997111123,26
2023-03-06,NC,318,288.428571428571,336.451576074429,189.935570728559,482.9675814203,26
2023-03-07,NC,287,285.0,336.744853765443,190.163703484946,483.326004045941,26
2023-03-08,NC,275,282.285714285714,337.041240360805,190.394289078005,483.688191643606,26
2023-03-09,NC,295,281.142857142857,337.340675522058,190.627281376328,484.054069667788,26
2023-03-10,NC,281,280.0,337.643097925723,190.862633465547,484.423562385899,26
2023-03-11,NC,252,278.714285714286,337.94844527425,191.100297655824,484.796592892676,26
2023-03-12,NC,261,281.285714285714,338.256654307317,191.34022548962,485.173083125014,26
2023-03-13,NC,330,283.0,338.567660813498,191.58236774977,485.552953877226,26
2023-03-14,NC,289,283.285714285714,338.881399642294,191.826674467838,485.936124816751,26
2023-03-15,NC,294,286.0,339.197804716533,192.073094932782,486.322514500285,26
2023-03-16,NC,293,285.714285714286,339.516809045147,192.321577699923,486.712040390371,26
2023-03-17,NC,302,288.714285714286,339.838344736322,192.572070600218,487.104618872427,26
2023-03-18,NC,234,286.142857142857,340.162343011043,192.824520749852,487.500165272233,26
2023-03-19,NC,266,286.857142857143,340.488734217004,193.078874560147,487.898593873861,26
2023-03-20,NC,344,288.857142857143,340.817447842931,193.335077747786,488.299817938077,26
2023-03-21,NC,334,295.285714285714,341.148412533279,193.593075345366,488.703749721192,26
2023-03-22,NC,278,293.0,341.48155610333,193.852811712281,489.11030049438,26
2023-03-23,NC,303,294.428571428571,341.816805554697,194.114230545932,489.519380563461,26
2023-03-24,NC,301,294.285714285714,342.154087091214,194.377274893271,489.930899289156,26
2023-03-25,NC,250,296.571428571429,342.493326135241,194.641887162687,490.344765107796,26
2023-03-26,NC,246,293.714285714286,342.834447344371,194.908009136221,490.76088555252,26
2023-03-27,NC,325,291.0,343.177374628534,195.175581982139,491.179167274929,26
2023-03-28,NC,307,287.142857142857,343.522031167525,195.444546267832,491.599516067219,26
2023-03-29,NC,287,288.428571428571,343.868339428927,195.714841973069,492.021836884785,26
2023-03-30,NC,266,283.142857142857,344.216221186451,195.986408503602,492.446033869299,26
2023-03-31,NC,266,278.142857142857,344.565597538681,196.259184705111,492.872010372251,26
2023-04-01,NC,286,285.714285714286,345.867869930532,196.982071831516,494.753668029548,26
2023-04-02,NC,234,283.857142857143,346.2209675336,197.257802520505,495.184132546695,26
2023-04-03,NC,339,285.428571428571,346.57532262937,197.5345589124,495.61608634634,26
2023-04-04,NC,263,278.428571428571,346.930853587041,197.812277593678,496.049429580404,26
2023-04-05,NC,291,278.714285714286,347.287478198982,198.090894664431,496.484061733533,26
2023-04-06,NC,281,280.428571428571,347.645113701997,198.370345754466,496.919881649528,26
2023-04-07,NC,245,277.0,348.003676798979,198.65056603974,497.356787558218,26
2023-04-08,NC,221,267.714285714286,348.363083680983,198.931490259157,497.79467710281,26
2023-04-09,NC,242,268.857142857143,348.72325004969,199.213052731704,498.233447367676,26
2023-04-10,NC,220,251.857142857143,349.084091140267,199.49518737394,498.672994906594,26
2023-04-11,NC,294,256.285714285714,349.445521744628,199.777827717824,499.113215771431,26
2023-04-12,NC,289,256.0,349.807456235074,200.060906928884,499.554005541265,26
2023-04-13,NC,259,252.857142857143,350.169808588333,200.344357824733,499.995259351933,26
2023-04-14,NC,281,258.0,350.532492409962,200.628112893908,500.436871926016,26
2023-04-15,NC,234,259.571428571429,350.895420959141,200.912104315052,500.87873760323,26
2023-04-16,NC,236,258.714285714286,351.258507173829,201.196263976418,501.320750371241,26
2023-04-17,NC,,,351.621663696286,201.480523495697,501.762803896874,26
2023-04-18,NC,,,351.984802898949,201.764814240173,502.204791557726,26
2023-04-19,NC,,,352.347836910671,202.049067347179,502.646606474162,26
2023-04-20,NC,,,352.710677643285,202.333213744875,503.088141541696,26
2023-04-21,NC,,,353.073236818527,202.617184173321,503.529289463732,26
2023-04-22,NC,,,353.435425995264,202.900909205853,503.969942784676,26
2023-04-23,NC,,,353.797156597064,203.184319270743,504.409993923384,26
2023-04-24,NC,,,354.158339940057,203.46734467315,504.849335206965,26
2023-04-25,NC,,,354.518887261118,203.749915617344,505.287858904892,26
2023-04-26,NC,,,354.878709746322,204.031962229197,505.725457263446,26
2023-04-27,NC,,,355.237718559698,204.313414578944,506.162022540451,26
2023-04-28,NC,,,355.595824872244,204.594202704184,506.597447040305,26
2023-04-29,NC,,,355.952939891212,204.874256633137,507.031623149286,26
2023-04-30,NC,,,356.308974889627,205.153506408128,507.464443371125,26
2023-05-01,NC,,,356.663841236063,205.431882109303,507.895800362824,26
2023-05-02,NC,,,357.017450424633,205.709313878554,508.325586970712,26
2023-05-03,NC,,,357.369714105191,205.985731943659,508.753696266723,26
2023-05-04,NC,,,357.720544113741,206.261066642605,509.180021584877,26
2023-05-05,NC,,,358.06985250303,206.53524844811,509.60445655795,26
2023-05-06,NC,,,358.417551573312,206.808207992306,510.026895154318,26
2023-05-07,NC,,,358.763553903275,207.079876091591,510.44723171496,26
2023-05-08,NC,,,359.107772381112,207.350183771627,510.865360990597,26
2023-05-09,NC,,,359.450120235719,207.619062292481,511.281178178958,26
2023-05-10,NC,,,359.790511068017,207.886443173887,511.694578962147,26
2023-05-11,NC,,,360.128858882361,208.152258220621,512.105459544101,26
2023-05-12,NC,,,360.465078118048,208.416439547979,512.513716688116,26
2023-05-13,NC,,,360.79908368088,208.678919607339,512.919247754421,26
2023-05-14,NC,,,361.13079097479,208.939631211796,513.321950737784,26
2023-05-15,NC,,,361.460115933496,209.198507561857,513.721724305134,26
2023-05-16,NC,,,361.786975052177,209.455482271181,514.118467833173,26
2023-05-17,NC,,,362.111285419153,209.710489392348,514.512081445958,26
2023-05-18,NC,,,362.432964747543,209.963463442646,514.90246605244,26
2023-05-19,NC,,,362.751931406898,210.21433942986,515.289523383935,26
2023-05-20,NC,,,363.068104454776,210.463052878044,515.673156031507,26
2023-05-21,NC,,,363.381403668254,210.709539853266,516.053267483242,26
2023-05-22,NC,,,363.69174957535,210.953736989311,516.42976216139,26
2023-05-23,NC,,,363.999063486342,211.19558151332,516.802545459364,26
2023-05-24,NC,,,364.303267524959,211.43501127136,517.171523778558,26
2023-05-25,NC,,,364.604284659438,211.671964753893,517.536604564983,26
2023-05-26,NC,,,364.902038733415,211.906381121152,517.897696345677,26
2023-05-27,NC,,,365.196454496635,212.138200228379,518.254708764891,26
2023-05-28,NC,,,365.48745763547,212.367362650933,518.607552620006,26
2023-05-29,NC,,,365.774974803214,212.593809709245,518.956139897183,26
2023-05-30,NC,,,366.058933650148,212.81748349359,519.300383806705,26
2023-05-31,NC,,,366.339262853342,213.038326888687,519.640198817997,26
2023-06-01,NC,,,366.615892146192,213.256283598078,519.975500694305,26
2023-06-02,NC,,,366.888752347659,213.471298168304,520.306206527013,26
2023-06-03,NC,,,367.157775391195,213.683316012827,520.632234769563,26
2023-06-04,NC,,,367.422894353347,213.892283435716,520.953505270977,26
2023-06-05,NC,,,367.684043481998,214.098147655051,521.269939308945,26
2023-06-06,NC,,,367.941158224253,214.300856826048,521.581459622459,26
2023-06-07,NC,,,368.194175253934,214.500360063882,521.887990443986,26
2023-06-08,NC,,,368.443032498663,214.696607466191,522.189457531135,26
2023-06-09,NC,,,368.687669166535,214.889550135251,522.48578819782,26
2023-06-10,NC,,,368.928025772339,215.079140199795,522.776911344883,26
2023-06-11,NC,,,369.164044163322,215.265330836477,523.062757490168,26
2023-06-12,NC,,,369.395667544482,215.448076290947,523.343258798017,26
2023-06-13,NC,,,369.622840503356,215.627331898538,523.618349108173,26
2023-06-14,NC,,,369.845509034306,215.80305410454,523.887963964072,26
2023-06-15,NC,,,370.063620562272,215.975200484048,524.152040640496,26
2023-06-16,NC,,,370.277123965978,216.143729761371,524.410518170584,26
2023-06-17,NC,,,370.485969600577,216.308601828993,524.663337372161,26
2023-06-18,NC,,,370.690109319725,216.469777766056,524.910440873394,26
2023-06-19,NC,,,370.889496497049,216.62721985637,525.151773137728,26
2023-06-20,NC,,,371.084086047017,216.780891605925,525.38728048811,26
2023-06-21,NC,,,371.273834445179,216.930757759892,525.616911130466,26
2023-06-22,NC,,,371.458699747769,217.076784319111,525.840615176426,26
2023-06-23,NC,,,371.638641610657,217.218938556034,526.05834466528,26
2023-06-24,NC,,,371.813621307634,217.357189030134,526.270053585135,26
2023-06-25,NC,,,371.983601748017,217.491505602748,526.475697893286,26
2023-06-26,NC,,,372.148547493558,217.621859451358,526.675235535758,26
2023-06-27,NC,,,372.308424774657,217.748223083289,526.868626466026,26
2023-06-28,NC,,,372.463201505848,217.870570348814,527.055832662882,26
2023-06-29,NC,,,372.612847300562,217.988876453666,527.236818147458,26
2023-06-30,NC,,,372.757333485154,218.103117970935,527.411548999372,26
2022-07-01,RC,91,96.7142857142857,122.474764510992,37.2070392871486,207.742489734836,23
2022-07-02,RC,89,97.7142857142857,122.438756192599,37.1836206091474,207.693891776051,23
2022-07-03,RC,90,96.8571428571429,122.40719154334,37.1630967108659,207.651286375815,23
2022-07-04,RC,116,98.5238095238095,122.380085868783,37.1454769137241,207.614694823841,23
2022-07-05,RC,112,101.642857142857,122.357453625162,37.1307700680586,207.584137182266,23
2022-07-06,RC,100,101.814285714286,122.3393084215,37.11898455572,207.55963228728,23
2022-07-07,RC,84,97.8809523809524,122.325663021497,37.1101282924253,207.541197750569,23
2022-07-08,RC,98,98.75,122.316529345201,37.1042087298594,207.528849960542,23
2022-07-09,RC,103,100.714285714286,122.311918470437,37.1012328575252,207.522604083348,23
2022-07-10,RC,107,103.047619047619,122.311840634003,37.101207204334,207.522474063672,23
2022-07-11,RC,113,102.428571428571,122.316305232624,37.1041378399347,207.528472625312,23
2022-07-12,RC,107,101.714285714286,122.32532082365,37.1100303757783,207.540611271522,23
2022-07-13,RC,89,100.142857142857,122.338895125517,37.1188899659143,207.558900285121,23
2022-07-14,RC,99,102.285714285714,122.357035017942,37.1307213075166,207.583348728368,23
2022-07-15,RC,132,107.142857142857,122.379746541868,37.1455286411368,207.613964442599,23
2022-07-16,RC,85,104.571428571429,122.407034899149,37.1633157506822,207.650754047615,23
2022-07-17,RC,84,101.285714285714,122.438904451974,37.1840859631187,207.693722940829,23
2022-07-18,RC,114,101.428571428571,122.475358722031,37.2078421478945,207.742875296167,23
2022-07-19,RC,105,101.142857142857,122.516400389404,37.2345867160876,207.798214062721,23
2022-07-20,RC,116,105.0,122.562031291211,37.264321619273,207.85974096315,23
2022-07-21,RC,100,105.142857142857,122.612252419977,37.2970483481121,207.927456491842,23
2022-07-22,RC,93,99.5714285714286,122.667063921743,37.332767930663,208.001359912824,23
2022-07-23,RC,84,99.4285714285714,122.726465093916,37.3714809304129,208.08144925742,23
2022-07-24,RC,104,102.285714285714,122.790454382856,37.4131874440343,208.167721321677,23
2022-07-25,RC,124,103.714285714286,122.859029381202,37.457887098865,208.26017166354,23
2022-07-26,RC,108,104.142857142857,122.932186824953,37.5055790501147,208.358794599791,23
2022-07-27,RC,89,100.285714285714,123.009922590276,37.5562619777997,208.463583202753,23
2022-07-28,RC,90,98.8571428571429,123.092231690083,37.6099340834085,208.574529296758,23
2022-07-29,RC,112,101.571428571429,123.179108270349,37.6665930863016,208.691623454397,23
2022-07-30,RC,94,103.0,123.270545606189,37.7262362198472,208.814854992532,23
2022-07-31,RC,104,103.0,123.366536097704,37.7888602272984,208.944211968109,23
2022-08-01,RC,128,103.571428571429,123.467071265581,37.8544613574144,209.079681173748,23
2022-08-02,RC,91,101.142857142857,123.572141746481,37.9230353598301,209.221248133132,23
2022-08-03,RC,96,102.142857142857,123.681737288192,37.9945774801806,209.368897096203,23
2022-08-04,RC,101,103.714285714286,123.795846744572,38.069082454983,209.522611034161,23
2022-08-05,RC,97,101.571428571429,123.914458070288,38.1465445062828,209.682371634293,23
2022-08-06,RC,76,99.0,124.037558315344,38.2269573360704,209.848159294618,23
2022-08-07,RC,95,97.7142857142857,124.165133619427,38.3103141204741,210.019953118379,23
2022-08-08,RC,114,95.7142857142857,124.297169206056,38.3966075037351,210.197730908377,23
2022-08-09,RC,88,95.2857142857143,124.433649376568,38.4858295919731,210.381469161164,23
2022-08-10,RC,86,93.8571428571429,124.574557503926,38.5779719467488,210.571143061103,23
2022-08-11,RC,99,93.5714285714286,124.719876026373,38.6730255784311,210.766726474315,23
2022-08-12,RC,82,91.4285714285714,124.869586440942,38.7709809393781,210.968191942506,23
2022-08-13,RC,85,92.7142857142857,125.023669296823,38.8718279169385,211.175510676707,23
2022-08-14,RC,99,93.2857142857143,125.182104188609,38.975555826285,211.388652550933,23
2022-08-15,RC,107,92.2857142857143,125.344869749426,39.0821534030856,211.607586095766,23
2022-08-16,RC,96,93.4285714285714,125.511943643956,39.1916087960253,211.832278491886,23
2022-08-17,RC,97,95.0,125.683302561376,39.3039095591877,212.062695563564,23
2022-08-18,RC,93,94.1428571428571,125.858922208217,39.4190426443045,212.298801772129,23
2022-08-19,RC,100,96.7142857142857,126.038777301154,39.5369943928869,212.54056020942,23
2022-08-20,RC,83,96.4285714285714,126.222841559748,39.657750528248,212.787932591249,23
2022-08-21,RC,76,93.1428571428571,126.411087699156,39.7812961474282,213.040879250885,23
2022-08-22,RC,87,90.2857142857143,126.603487422805,39.9076157130354,213.299359132576,23
2022-08-23,RC,82,88.2857142857143,126.800011415071,40.0366930450124,213.563329785129,23
2022-08-24,RC,92,87.5714285714286,127.000629333954,40.168511312343,213.832747355566,23
2022-08-25,RC,82,86.0,127.205309803787,40.3030530247119,214.107566582863,23
2022-08-26,RC,77,82.7142857142857,127.41402040797,40.4403000241288,214.387740791812,23
2022-08-27,RC,77,81.8571428571429,127.62672768177,40.5802334765326,214.673221887007,23
2022-08-28,RC,56,79.0,127.843397105183,40.722833863388,214.963960346979,23
2022-08-29,RC,111,82.4285714285714,128.063993095893,40.8680809732897,215.259905218497,23
2022-08-30,RC,85,82.8571428571429,128.288479002328,41.0159538935886,215.561004111068,23
2022-08-31,RC,75,80.4285714285714,128.516817096844,41.1664310020536,215.867203191634,23
2022-09-01,RC,101,83.1428571428571,128.748968569047,41.3194899585865,216.178447179507,23
2022-09-02,RC,80,83.5714285714286,128.98489351928,41.4751076970029,216.494679341557,23
2022-09-03,RC,74,83.1428571428571,129.224550952278,41.6332604168964,216.815841487659,23
2022-09-04,RC,82,86.8571428571429,129.467898771029,41.7939235756015,217.141873966456,23
2022-09-05,RC,100,85.2857142857143,129.714893770844,41.957071880272,217.472715661415,23
2022-09-06,RC,87,85.5714285714286,129.965491633666,42.1226792800901,217.808303987241,23
2022-09-07,RC,74,85.4285714285714,130.21964692263,42.2907189586243,218.148574886636,23
2022-09-08,RC,66,80.4285714285714,130.477313076902,42.4611633263526,218.493462827452,23
2022-09-09,RC,85,81.1428571428571,130.738442406806,42.6339840133672,218.842900800244,23
2022-09-10,RC,76,81.4285714285714,131.002986089268,42.8091518622802,219.196820316257,23
2022-09-11,RC,82,81.4285714285714,131.270894163599,42.986636921345,219.555151405854,23
2022-09-12,RC,108,82.5714285714286,131.542115527624,43.1664084378143,219.917822617434,23
2022-09-13,RC,100,84.4285714285714,131.816597934192,43.3484348515493,220.284761016835,23
2022-09-14,RC,80,85.2857142857143,132.094287988083,43.5326837889,220.655892187266,23
2022-09-15,RC,100,90.1428571428571,132.375131143329,43.7191220568755,221.031140229782,23
2022-09-16,RC,95,91.5714285714286,132.659071700972,43.9077156376197,221.410427764324,23
2022-09-17,RC,85,92.8571428571429,132.946052807282,44.0984296832127,221.793675931351,23
2022-09-18,RC,77,92.1428571428571,133.236016452455,44.2912285108168,222.180804394093,23
2022-09-19,RC,119,93.7142857142857,133.528903469805,44.4860755981826,222.571731341428,23
2022-09-20,RC,82,91.1428571428571,133.824653535487,44.6829335795372,222.966373491437,23
2022-09-21,RC,82,91.4285714285714,134.123205168747,44.8817642418699,223.364646095624,23
2022-09-22,RC,85,89.2857142857143,134.424495732745,45.0825285216349,223.766462943856,23
2022-09-23,RC,109,91.2857142857143,134.728461435956,45.2851865018897,224.171736370021,23
2022-09-24,RC,85,91.2857142857143,135.035037334168,45.4896974098865,224.580377258449,23
2022-09-25,RC,96,94.0,135.344157333112,45.6960196151357,224.992295051089,23
2022-09-26,RC,117,93.7142857142857,135.655754191727,45.9041106279573,225.407397755496,23
2022-09-27,RC,92,95.1428571428571,135.969759526082,46.1139270985415,225.825591953622,23
2022-09-28,RC,119,100.428571428571,136.286103813991,46.3254248165329,226.246782811448,23
2022-09-29,RC,120,105.428571428571,136.604716400316,46.5385587111566,226.670874089475,23
2022-09-30,RC,114,106.142857142857,136.925525502993,46.7532828519048,227.09776815408,23
2022-10-01,RC,119,114.285714285714,142.084110188195,46.7702350364407,237.397985339949,25
2022-10-02,RC,101,114.464285714286,142.420542551817,46.9933888048749,237.847696298758,25
2022-10-03,RC,118,114.171428571429,142.759018961966,47.218029436153,238.300008487778,25
2022-10-04,RC,133,119.214285714286,143.099460518856,47.4441064097998,238.754814627913,25
2022-10-05,RC,135,121.428571428571,143.44178719905,47.6715683334851,239.212006064615,25
2022-10-06,RC,92,116.285714285714,143.78591786653,47.9003629474363,239.671472785623,25
2022-10-07,RC,114,116.0,144.13177028464,48.1304371295401,240.133103439739,25
2022-10-08,RC,97,112.857142857143,144.479261128905,48.3617369011493,240.59678535666,25
2022-10-09,RC,107,113.714285714286,144.828306000743,48.5942074336091,241.062404567878,25
2022-10-10,RC,135,116.142857142857,145.17881944209,48.8277930555149,241.529845828665,25
2022-10-11,RC,120,114.285714285714,145.530714950935,49.0624372607164,241.998992641153,25
2022-10-12,RC,128,113.285714285714,145.883904997797,49.2980827170788,242.469727278515,25
2022-10-13,RC,117,116.857142857143,146.238301043145,49.5346712760141,242.941930810277,25
2022-10-14,RC,119,117.571428571429,146.593813555768,49.7721439827928,243.415483128743,25
2022-10-15,RC,99,117.857142857143,146.950352032109,50.0104410876462,243.890262976573,25
2022-10-16,RC,124,120.285714285714,147.307825016579,50.2495020576699,244.366147975487,25
2022-10-17,RC,145,121.714285714286,147.666140122837,50.4892655895353,244.843014656139,25
2022-10-18,RC,119,121.571428571429,148.025204056075,50.7296696230197,245.32073848913,25
2022-10-19,RC,106,118.428571428571,148.384922636278,50.9706513553597,245.799193917197,25
2022-10-20,RC,120,118.857142857143,148.745200822493,51.2121472564359,246.278254388551,25
2022-10-21,RC,121,119.142857142857,149.105942738091,51.4540930847931,246.757792391388,25
2022-10-22,RC,84,117.0,149.467051697034,51.6964239045012,247.237679489567,25
2022-10-23,RC,86,111.571428571429,149.828430231152,51.9390741028601,247.717786359444,25
2022-10-24,RC,122,108.285714285714,150.189980118411,52.1819774089512,248.197982827871,25
2022-10-25,RC,126,109.285714285714,150.551602412196,52.4250669130363,248.678137911356,25
2022-10-26,RC,99,108.285714285714,150.91319747159,52.6682750868057,249.158119856374,25
2022-10-27,RC,120,108.285714285714,151.274664992644,52.9115338044732,249.637796180815,25
2022-10-28,RC,107,106.285714285714,151.635904040652,53.154774364719,250.117033716584,25
2022-10-29,RC,109,109.857142857143,151.996813083397,53.3979275134746,250.595698653319,25
2022-10-30,RC,112,113.571428571429,152.357290025386,53.6409234675478,251.073656583224,25
2022-10-31,RC,100,110.428571428571,152.717232243048,53.8836919390828,251.550772547013,25
2022-11-01,RC,101,106.857142857143,153.076536620893,54.126162160848,252.026911080939,25
2022-11-02,RC,124,110.428571428571,153.435099588621,54.3682629123463,252.501936264895,25
2022-11-03,RC,119,110.285714285714,153.792817159157,54.6099225467372,252.975711771577,25
2022-11-04,RC,102,109.571428571429,154.14958496762,54.8510690185621,253.448100916678,25
2022-11-05,RC,103,108.714285714286,154.50529831118,55.0916299122621,253.918966710098,25
2022-11-06,RC,111,108.571428571429,154.859852189817,55.3315324714759,254.388171908158,25
2022-11-07,RC,118,111.142857142857,155.213141347939,55.5707036291047,254.855579066773,25
2022-11-08,RC,105,111.714285714286,155.565060316852,55.8090700381293,255.321050595575,25
2022-11-09,RC,105,109.0,155.91550345806,56.0465581031636,255.784448812956,25
2022-11-10,RC,91,105.0,156.264365007364,56.2830940127283,256.245636002,25
2022-11-11,RC,114,106.714285714286,156.611539119748,56.5186037722259,256.70447446727,25
2022-11-12,RC,110,107.714285714286,156.956919915014,56.7530132375975,257.160826592431,25
2022-11-13,RC,99,106.0,157.30040152415,56.9862481496421,257.614554898659,25
2022-11-14,RC,134,108.285714285714,157.641878136397,57.2182341689742,258.06552210382,25
2022-11-15,RC,107,108.571428571429,157.981244046982,57.4488969115999,258.513591182364,25
2022-11-16,RC,123,111.142857142857,158.318393705497,57.6781619850837,258.958625425911,25
2022-11-17,RC,129,116.571428571429,158.653221764882,57.9059550252848,259.40048850448,25
2022-11-18,RC,143,120.714285714286,158.98562313098,58.1322017336322,259.839044528327,25
2022-11-19,RC,117,121.714285714286,159.315493012632,58.356827914914,260.274158110349,25
2022-11-20,RC,119,124.571428571429,159.642726972279,58.5797595155519,260.705694429007,25
2022-11-21,RC,155,127.571428571429,159.967220977025,58.8009226623291,261.13351929172,25
2022-11-22,RC,154,134.285714285714,160.288871450124,59.0202437015431,261.557499198705,25
2022-11-23,RC,133,135.714285714286,160.607575322866,59.2376492385508,261.977501407181,25
2022-11-24,RC,163,140.571428571429,160.9232300868,59.4530661776728,262.393393995927,25
2022-11-25,RC,131,138.857142857143,161.235733846266,59.6664217624228,262.805045930109,25
2022-11-26,RC,152,143.857142857143,161.544985371191,59.8776436160289,263.212327126352,25
2022-11-27,RC,147,147.857142857143,161.850884150102,60.086659782209,263.615108517995,25
2022-11-28,RC,192,153.142857142857,162.153330443318,60.2933987661671,264.013262120468,25
2022-11-29,RC,142,151.428571428571,162.452225336265,60.497789575769,264.406661096761,25
2022-11-30,RC,158,155.0,162.747470792881,60.6997617628642,264.795179822899,25
2022-12-01,RC,156,154.0,163.038969709054,60.8992454647108,265.178693953397,25
2022-12-02,RC,162,158.428571428571,163.326625966046,61.0961714454686,265.557080486624,25
2022-12-03,RC,146,157.571428571429,163.610344483865,61.2904711377165,265.930217830014,25
2022-12-04,RC,201,165.285714285714,163.890031274521,61.4820766839554,266.297985865087,25
2022-12-05,RC,168,161.857142857143,164.16559349513,61.6709209780579,266.660266012202,25
2022-12-06,RC,145,162.285714285714,164.436939500806,61.8569377066187,267.016941294994,25
2022-12-07,RC,164,163.142857142857,164.703978897302,62.0400613901683,267.367896404435,25
2022-12-08,RC,165,164.428571428571,164.966622593334,62.2202274242048,267.713017762462,25
2022-12-09,RC,169,165.428571428571,165.224782852554,62.3973721200041,268.052193585104,25
2022-12-10,RC,145,165.285714285714,165.478373345113,62.5714327451644,268.385313945062,25
2022-12-11,RC,180,162.285714285714,165.727309198759,62.7423475638415,268.712270833676,25
2022-12-12,RC,196,166.285714285714,165.971507049425,62.9100558766349,269.032958222216,25
2022-12-13,RC,167,169.428571428571,166.210885091263,63.0744980600792,269.347272122446,25
2022-12-14,RC,181,171.857142857143,166.445363126049,63.2356156057001,269.655110646398,25
2022-12-15,RC,185,174.714285714286,166.674862611945,63.3933511585904,269.956374065299,25
2022-12-16,RC,160,173.428571428571,166.899306711525,63.5476485554664,270.250964867584,25
2022-12-17,RC,123,170.285714285714,167.118620339061,63.6984528621598,270.538787815962,25
2022-12-18,RC,162,167.714285714286,167.332730206973,63.8457104105049,270.819750003442,25
2022-12-19,RC,184,166.0,167.541564871436,63.9893688345793,271.093760908293,25
2022-12-20,RC,188,169.0,167.745054777064,64.1293771062578,271.360732447871,25
2022-12-21,RC,164,166.571428571429,167.943132300645,64.2656855700375,271.620579031252,25
2022-12-22,RC,184,166.428571428571,168.135731793863,64.3982459770962,271.87321761063,25
2022-12-23,RC,160,166.428571428571,168.322789624977,64.5270115185432,272.11856773141,25
2022-12-24,RC,118,165.714285714286,168.504244219397,64.6519368578257,272.356551580968,25
2022-12-25,RC,151,164.142857142857,168.680036099125,64.7729781622526,272.587094035997,25
2022-12-26,RC,156,160.142857142857,168.850107921009,64.8900931335976,272.81012270842,25
2022-12-27,RC,228,165.857142857143,169.014404513772,65.0032410377482,273.025567989796,25
2022-12-28,RC,147,163.428571428571,169.172872913777,65.1123827333634,273.233363094191,25
2022-12-29,RC,153,159.0,169.32546239948,65.2174806995082,273.433444099452,25
2022-12-30,RC,127,154.285714285714,169.472124524544,65.3184990622305,273.625749986858,25
2022-12-31,RC,101,151.857142857143,169.61281314957,65.4154036200501,273.81022267909,25
2023-01-01,RC,127,155.428571428571,176.054122242419,67.603627696753,284.504616788085,26
2023-01-02,RC,169,156.285714285714,176.18751317757,67.6953592048098,284.679667150331,26
2023-01-03,RC,147,142.285714285714,176.31457978076,67.7827353860797,284.846424175441,26
2023-01-04,RC,140,140.714285714286,176.435284068132,67.8657279822385,285.004840154025,26
2023-01-05,RC,150,139.142857142857,176.549590590293,67.9443105811366,285.154870599449,26
2023-01-06,RC,127,138.142857142857,176.65746645591,68.0184586358298,285.29647427599,26
2023-01-07,RC,105,137.857142857143,176.758881353645,68.0881494822911,285.429613224998,26
2023-01-08,RC,110,135.428571428571,176.853807572412,68.1533623557841,285.55425278904,26
2023-01-09,RC,159,134.0,176.942220019934,68.2140784058758,285.670361633991,26
2023-01-10,RC,137,132.571428571429,177.024096239563,68.2702807100722,285.777911769053,26
2023-01-11,RC,102,127.142857142857,177.099416425372,68.3219542860608,285.876878564683,26
2023-01-12,RC,121,123.0,177.168163435474,68.3690861025437,285.967240768405,26
2023-01-13,RC,111,120.714285714286,177.230322803573,68.411665088652,286.048980518494,26
2023-01-14,RC,93,119.0,177.285882748719,68.449682141925,286.122083355513,26
2023-01-15,RC,88,115.857142857143,177.334834183272,68.4831301348508,286.186538231694,26
2023-01-16,RC,154,115.142857142857,177.377170719055,68.5120039199572,286.242337518153,26
2023-01-17,RC,105,110.571428571429,177.41288867169,68.5363003334481,286.289477009932,26
2023-01-18,RC,110,111.714285714286,177.441987063121,68.5560181973824,286.32795592886,26
2023-01-19,RC,132,113.285714285714,177.464467622315,68.5711583203928,286.357776924236,26
2023-01-20,RC,98,111.428571428571,177.480334784136,68.5817234969446,286.378946071327,26
2023-01-21,RC,80,109.571428571429,177.489595686413,68.5877185051357,286.391472867691,26
2023-01-22,RC,72,107.285714285714,177.492260165185,68.5891501030437,286.395370227327,26
2023-01-23,RC,111,101.142857142857,177.488340748138,68.586027023621,286.390654472655,26
2023-01-24,RC,114,102.428571428571,177.477852646249,68.5783599681513,286.377345324347,26
2023-01-25,RC,106,101.857142857143,177.460813743639,68.56616159827,286.355465889007,26
2023-01-26,RC,109,98.5714285714286,177.437244585647,68.5494465265649,286.325042644729,26
2023-01-27,RC,108,100.0,177.40716836515,68.5282313057665,286.286105424534,26
2023-01-28,RC,92,101.714285714286,177.370610907136,68.5025344165429,286.238687397728,26
2023-01-29,RC,94,104.857142857143,177.327600651546,68.4723762539171,286.182825049176,26
2023-01-30,RC,105,104.0,177.278168634428,68.4377791123209,286.118558156536,26
2023-01-31,RC,114,104.0,177.222348467392,68.3987671693092,286.045929765475,26
2023-02-01,RC,122,106.285714285714,177.160176315419,68.3553664679524,285.964986162886,26
2023-02-02,RC,126,108.714285714286,177.09169087304,68.3076048979302,285.87577684815,26
2023-02-03,RC,116,109.857142857143,177.016933338908,68.2555121753524,285.778354502464,26
2023-02-04,RC,94,110.142857142857,176.935947388805,68.199119821331,285.672774956279,26
2023-02-05,RC,104,111.571428571429,176.848779147103,68.13846113933,285.559097154877,26
2023-02-06,RC,134,115.714285714286,176.755477156728,68.0735711913243,285.437383122131,26
2023-02-07,RC,130,118.0,176.65609234764,68.0044867727934,285.307697922487,26
2023-02-08,RC,108,116.0,176.550678003894,67.9312463865848,285.170109621204,26
2023-02-09,RC,94,111.428571428571,176.439289729293,67.8538902156777,285.024689242909,26
2023-02-10,RC,96,108.571428571429,176.321985411689,67.7724600948796,284.871510728497,26
2023-02-11,RC,100,109.428571428571,176.198825185965,67.6869994814926,284.710650890438,26
2023-02-12,RC,103,109.285714285714,176.069871395753,67.597553424984,284.542189366523,26
2023-02-13,RC,133,109.142857142857,175.935188553906,67.5041685356972,284.366208572115,26
2023-02-14,RC,145,111.285714285714,175.794843301795,67.4068929526419,284.182793650948,26
2023-02-15,RC,126,113.857142857143,175.648904367464,67.305776310402,283.992032424525,26
2023-02-16,RC,128,118.714285714286,175.497442522685,67.2008697051984,283.794015340171,26
2023-02-17,RC,118,121.857142857143,175.340530538973,67.0922256601497,283.588835417797,26
2023-02-18,RC,106,122.714285714286,175.178243142601,66.9798980897704,283.376588195431,26
2023-02-19,RC,116,124.571428571429,175.010656968655,66.8639422637454,283.157371673565,26
2023-02-20,RC,150,127.0,174.837850514209,66.7444147700283,282.931286258389,26
2023-02-21,RC,138,126.0,174.659904090626,66.6213734772994,282.698434703952,26
2023-02-22,RC,120,125.142857142857,174.476899775079,66.4948774968305,282.458922053329,26
2023-02-23,RC,135,126.142857142857,174.288921361315,66.3649871437978,282.212855578833,26
2023-02-24,RC,116,125.857142857143,174.09605430972,66.2317638980863,281.960344721353,26
2023-02-25,RC,116,127.285714285714,173.898385696741,66.0952703646296,281.701501028852,26
2023-02-26,RC,122,128.142857142857,173.696004163721,65.9555702333279,281.436438094114,26
2023-02-27,RC,112,122.714285714286,173.488999865182,65.8127282385882,281.165271491775,26
2023-02-28,RC,149,124.285714285714,173.277464416624,65.6668101185313,280.888118714717,26
2023-03-01,RC,121,124.428571428571,173.06149084189,65.5178825739069,280.605099109874,26
2023-03-02,RC,152,126.857142857143,172.84117352014,65.3660132267622,280.316333813517,26
2023-03-03,RC,142,130.571428571429,172.616608132491,65.2112705789063,280.021945686076,26
2023-03-04,RC,123,131.571428571429,172.387891608385,65.0537239702126,279.722059246558,26
2023-03-05,RC,99,128.285714285714,172.155122071713,64.8934435368041,279.416800606622,26
2023-03-06,RC,175,137.285714285714,171.918398786766,64.7305001691603,279.106297404372,26
2023-03-07,RC,133,135.0,171.677822104057,64.5649654701903,278.790678737924,26
2023-03-08,RC,121,135.0,171.43349340606,64.3969117133121,278.470075098808,26
2023-03-09,RC,125,131.142857142857,171.185515052918,64.2264118005779,278.144618305258,26
2023-03-10,RC,107,126.142857142857,170.933990328172,64.0535392208882,277.814441435455,26
2023-03-11,RC,115,125.0,170.679023384552,63.8783680083294,277.479678760775,26
2023-03-12,RC,117,127.571428571429,170.420719189883,63.7009727006789,277.140465679087,26
2023-03-13,RC,167,126.428571428571,170.159183473147,63.5214282981106,276.796938648184,26
2023-03-14,RC,107,122.714285714286,169.894522670752,63.3398102221415,276.449235119363,26
2023-03-15,RC,138,125.142857142857,169.626843873047,63.1561942748527,276.097493471242,26
2023-03-16,RC,101,121.714285714286,169.356254771129,62.9706565984231,275.741852943836,26
2023-03-17,RC,144,127.0,169.082863603987,62.7832736350064,275.382453572968,26
2023-03-18,RC,116,127.142857142857,168.806779106015,62.5941220869885,275.019436125042,26
2023-03-19,RC,132,129.285714285714,168.528110454948,62.4032788776546,274.652942032242,26
2023-03-20,RC,144,126.0,168.246967220248,62.2108211122995,274.283113328197,26
2023-03-21,RC,131,129.428571428571,167.963459311981,62.0168260398096,273.910092584152,26
2023-03-22,RC,133,128.714285714286,167.677696930226,61.8213710147468,273.534022845705,26
2023-03-23,RC,138,134.0,167.389790515049,61.6245334599622,273.155047570135,26
2023-03-24,RC,97,127.285714285714,167.09985069707,61.4263908297662,272.773310564373,26
2023-03-25,RC,94,124.142857142857,166.807988248664,61.22702057368,272.388955923648,26
2023-03-26,RC,89,118.0,166.514314035828,61.0265001007952,272.00212797086,26
2023-03-27,RC,115,113.857142857143,166.21893897073,60.8249067447622,271.612971196698,26
2023-03-28,RC,124,112.857142857143,165.921973964991,60.6223177294306,271.221630200551,26
2023-03-29,RC,90,106.714285714286,165.623529883704,60.4188101351644,270.828249632244,26
2023-03-30,RC,113,103.142857142857,165.323717500237,60.2144608658469,270.432974134627,26
2023-03-31,RC,129,107.714285714286,165.022647451825,60.0093466166,270.03594828705,26
2023-04-01,RC,108,110.857142857143,166.270870973043,60.6194053097304,271.922336636356,26
2023-04-02,RC,66,107.142857142857,165.964762346525,60.410812579418,271.518712113632,26
2023-04-03,RC,131,109.285714285714,165.657717992939,60.2016774126943,271.113758573184,26
2023-04-04,RC,117,108.285714285714,165.349848609937,59.9920761553231,270.707621064552,26
2023-04-05,RC,106,110.285714285714,165.041264546501,59.782084790761,270.300444302241,26
2023-04-06,RC,123,111.714285714286,164.732075763395,59.5717789121715,269.892372614619,26
2023-04-07,RC,108,108.428571428571,164.422391794557,59.3612336952526,269.483549893861,26
2023-04-08,RC,86,105.285714285714,164.112321709435,59.1505238718863,269.074119546985,26
2023-04-09,RC,97,109.714285714286,163.801974076298,58.9397237046174,268.664224447979,26
2023-04-10,RC,103,105.714285714286,163.491456926509,58.7289069619699,268.254006891048,26
2023-04-11,RC,162,112.142857142857,163.180877719787,58.5181468946019,267.843608544973,26
2023-04-12,RC,123,114.571428571429,162.870343310461,58.3075162123089,267.433170408613,26
2023-04-13,RC,119,114.0,162.559959914714,58.0970870618724,267.022832767556,26
2023-04-14,RC,120,115.714285714286,162.249833078836,57.8869310057594,266.612735151912,26
2023-04-15,RC,93,116.714285714286,161.940067648476,57.677119001673,266.203016295279,26
2023-04-16,RC,96,113.714285714286,161.630767738907,57.4677213829509,265.793814094863,26
2023-04-17,RC,,,161.322036706297,57.2588078398146,265.38526557278,26
2023-04-18,RC,,,161.013977119989,57.0504474014622,264.977506838515,26
2023-04-19,RC,,,160.706690735787,56.8427084190062,264.570673052568,26
2023-04-20,RC,,,160.400278470255,56.6356585492469,264.164898391262,26
2023-04-21,RC,,,160.094840376002,56.4293647392793,263.760316012725,26
2023-04-22,RC,,,159.790475617983,56.2238932119259,263.357058024041,26
2023-04-23,RC,,,159.487282450774,56.0193094519885,262.955255449559,26
2023-04-24,RC,,,159.185358196839,55.8156781933106,262.555038200367,26
2023-04-25,RC,,,158.884799225774,55.6130634066412,262.156535044907,26
2023-04-26,RC,,,158.585700934517,55.4115282882916,261.759873580743,26
2023-04-27,RC,,,158.288157728512,55.2111352495732,261.365180207452,26
2023-04-28,RC,,,157.992263003825,55.0119459070053,260.972580100644,26
2023-04-29,RC,,,157.69810913019,54.8140210732821,260.582197187097,26
2023-04-30,RC,,,157.405787434984,54.6174207489853,260.194154120982,26
2023-05-01,RC,,,157.115388188106,54.4222041150287,259.808572261183,26
2023-05-02,RC,,,156.827000587754,54.2284295258227,259.425571649685,26
2023-05-03,RC,,,156.54071274708,54.0361545031417,259.045270991019,26
2023-05-04,RC,,,156.256611681716,53.8454357306825,258.66778763275,26
2023-05-05,RC,,,155.974783298141,53.6563290492949,258.293237546987,26
2023-05-06,RC,,,155.695312382887,53.4688894528721,257.921735312901,26
2023-05-07,RC,,,155.418282592556,53.2831710848808,257.55339410023,26
2023-05-08,RC,,,155.143776444637,53.099227235518,257.188325653756,26
2023-05-09,RC,,,154.8718753091,52.9171103394739,256.826640278725,26
2023-05-10,RC,,,154.602659400746,52.7368719742858,256.468446827207,26
2023-05-11,RC,,,154.336207772308,52.5585628592637,256.113852685352,26
2023-05-12,RC,,,154.072598308258,52.3822328549706,255.762963761545,26
2023-05-13,RC,,,153.811907719327,52.2079309632375,255.415884475416,26
2023-05-14,RC,,,153.5542115377,52.0357053276973,255.072717747702,26
2023-05-15,RC,,,153.299584112866,51.8656032348144,254.733564990918,26
2023-05-16,RC,,,153.048098608116,51.6976711153957,254.398526100836,26
2023-05-17,RC,,,152.799826997647,51.5319545465609,254.067699448732,26
2023-05-18,RC,,,152.554840064268,51.3684982541529,253.741181874383,26
2023-05-19,RC,,,152.313207397679,51.207346115571,253.419068679787,26
2023-05-20,RC,,,152.074997393297,51.0485411630043,253.101453623589,26
2023-05-21,RC,,,151.840277251616,50.8921255870492,252.788428916183,26
2023-05-22,RC,,,151.609112978075,50.7381407406891,252.480085215461,26
2023-05-23,RC,,,151.381569383406,50.5866271436171,252.176511623194,26
2023-05-24,RC,,,151.157710084449,50.4376244868834,251.877795682015,26
2023-05-25,RC,,,150.937597505411,50.2911716378466,251.584023372974,26
2023-05-26,RC,,,150.721292879533,50.1473066454104,251.295279113656,26
2023-05-27,RC,,,150.508856251169,50.006066745526,251.011645756812,26
2023-05-28,RC,,,150.300346478223,49.8674883669414,250.733204589505,26
2023-05-29,RC,,,150.09582123495,49.7316071371772,250.460035332723,26
2023-05-30,RC,,,149.895337015084,49.5984578887126,250.192216141455,26
2023-05-31,RC,,,149.698949135271,49.4680746653601,249.929823605183,26
2023-06-01,RC,,,149.506711738798,49.3404907288116,249.672932748784,26
2023-06-02,RC,,,149.318677799575,49.2157385653382,249.421617033811,26
2023-06-03,RC,,,149.134899126374,49.0938498926237,249.175948360125,26
2023-06-04,RC,,,148.955426367285,48.9748556667157,248.935997067853,26
2023-06-05,RC,,,148.780309014371,48.8587860890749,248.701831939667,26
2023-06-06,RC,,,148.609595408516,48.7456706137072,248.473520203325,26
2023-06-07,RC,,,148.443332744423,48.6355379543585,248.251127534488,26
2023-06-08,RC,,,148.281567075762,48.5284160917588,248.034718059765,26
2023-06-09,RC,,,148.124343320434,48.4243322808957,247.824354359972,26
2023-06-10,RC,,,147.971705265942,48.3233130583027,247.620097473582,26
2023-06-11,RC,,,147.823695574848,48.2253842493463,247.422006900349,26
2023-06-12,RC,,,147.680355790282,48.1305709754953,247.230140605069,26
2023-06-13,RC,,,147.541726341517,48.0388976615576,247.044555021476,26
2023-06-14,RC,,,147.407846549553,47.9503880428688,246.865305056237,26
2023-06-15,RC,,,147.278754632727,47.8650651724193,246.692444093035,26
2023-06-16,RC,,,147.154487712309,47.7829514279028,246.526023996715,26
2023-06-17,RC,,,147.035081818074,47.7040685186753,246.366095117472,26
2023-06-18,RC,,,146.920571893839,47.6284374926084,246.21270629507,26
2023-06-19,RC,,,146.810991802944,47.5560787428258,246.065904863062,26
2023-06-20,RC,,,146.706374333654,47.4870120143073,245.925736653,26
2023-06-21,RC,,,146.606751204485,47.4212564103511,245.79224599862,26
2023-06-22,RC,,,146.512153069425,47.358830398879,245.665475739971,26
2023-06-23,RC,,,146.422609523035,47.2997518185749,245.545467227496,26
2023-06-24,RC,,,146.338149105428,47.2440378848445,245.432260326011,26
2023-06-25,RC,,,146.258799307099,47.1917051955849,245.325893418614,26
2023-06-26,RC,,,146.184586573608,47.1427697367534,245.226403410463,26
2023-06-27,RC,,,146.115536310084,47.0972468877267,245.133825732442,26
2023-06-28,RC,,,146.051672885559,47.0551514264382,245.048194344681,26
2023-06-29,RC,,,145.993019637106,47.0164975342865,244.969541739925,26
2023-06-30,RC,,,145.939598873774,46.9812988008047,244.897898946744,26
