date,syndrome,visit_count,visit_7day_mean,baseline,baseline_lowerbound,baseline_upperbound,ed_count
2022-04-01,SARI,34,24.0,53.0258945244205,1.35006095853108,104.70172809031,23
2022-04-02,SARI,16,23.5714285714286,52.7462089618612,1.20830132440266,104.28411659932,23
2022-04-03,SARI,16,22.8571428571429,52.4653966742573,1.06633498396729,103.864458364547,23
2022-04-04,SARI,30,23.5714285714286,52.1835782396193,0.924229717939318,103.442926761299,23
2022-04-05,SARI,29,24.2857142857143,51.9008730727105,0.78205221561861,103.019693929802,23
2022-04-06,SARI,38,26.5714285714286,51.6173993577394,0.639868033834477,102.594930681644,23
2022-04-07,SARI,27,27.1428571428571,51.3332739840648,0.497741558331555,102.168806409798,23
2022-04-08,SARI,20,25.1428571428571,51.0486124849335,0.355735967603337,101.741489002264,23
2022-04-09,SARI,22,26.0,50.7635289792674,0.213913199173258,101.313144759361,23
2022-04-10,SARI,21,26.7142857142857,50.4781361165081,0.0723339183189219,100.883938314697,23
2022-04-11,SARI,26,26.1428571428571,50.1925450245248,-0.0689425107696309,100.454032559819,23
2022-04-12,SARI,20,24.8571428571429,49.9068652605806,-0.209858051411591,100.023588572573,23
2022-04-13,SARI,32,24.0,49.6212047653522,-0.350356018454712,99.5927655491591,23
2022-04-14,SARI,21,23.1428571428571,49.3356698199893,-0.490381099914746,99.1617207398934,23
2022-04-15,SARI,17,22.7142857142857,49.0503650061954,-0.629879376260964,98.7306093886517,23
2022-04-16,SARI,31,24.0,48.7653931693072,-0.768798337378149,98.2995846759925,23
2022-04-17,SARI,26,24.7142857142857,48.4808553843464,-0.907086897238157,97.868797665931,23
2022-04-18,SARI,33,25.7142857142857,48.1968509250097,-1.04469540631851,97.438397256338,23
2022-04-19,SARI,26,26.5714285714286,47.9134772355625,-1.18157566180795,97.008530132933,23
2022-04-20,SARI,29,26.1428571428571,47.6308299055947,-1.3176809156426,96.5793407268321,23
2022-04-21,SARI,29,27.2857142857143,47.3490026475952,-1.45296588041848,96.150971175609,23
2022-04-22,SARI,32,29.4285714285714,47.0680872772965,-1.58738673322931,95.7235612878224,23
2022-04-23,SARI,22,28.1428571428571,46.7881736967388,-1.7209011174807,95.2972485109584,23
2022-04-24,SARI,20,27.2857142857143,46.5093498799984,-1.85346814273425,94.872167902731,23
2022-04-25,SARI,17,25.0,46.2317018615236,-1.98504838263683,94.448452105684,23
2022-04-26,SARI,25,24.8571428571429,45.9553137270177,-2.11560387099232,94.0262313250277,23
2022-04-27,SARI,20,23.5714285714286,45.6802676068067,-2.24509809603472,93.6056333096481,23
2022-04-28,SARI,18,22.0,45.4066436716262,-2.37349599296315,93.1867833362155,23
2022-04-29,SARI,21,20.4285714285714,45.1345201307609,-2.50076393480006,92.7698041963219,23
2022-04-30,SARI,13,19.1428571428571,44.8639732324685,-2.62686972163546,92.3548161865725,23
2022-05-01,SARI,11,17.8571428571429,44.595077266616,-2.75178256832072,91.9419371015527,23
2022-05-02,SARI,27,19.2857142857143,44.3279045694578,-2.8754730906764,91.531282229592,23
2022-05-03,SARI,19,18.4285714285714,44.0625255304822,-2.99791329027864,91.1229643512431,23
2022-05-04,SARI,22,18.7142857142857,43.7990086012516,-3.11907653788959,90.7170937403927,23
2022-05-05,SARI,15,18.2857142857143,43.5374203061618,-3.23893755559708,90.3137781679206,23
2022-05-06,SARI,13,17.1428571428571,43.277825255045,-3.35747239772945,89.9131229078194,23
2022-05-07,SARI,13,17.1428571428571,43.0202861575395,-3.47465843061047,89.5152307456895,23
2022-05-08,SARI,24,19.0,42.764863839151,-3.59047431121995,89.1202019895219,23
2022-05-09,SARI,24,18.5714285714286,42.5116172589271,-3.70489996482464,88.7281344826789,23
2022-05-10,SARI,19,18.5714285714286,42.2606035286706,-3.8179165616441,88.3391236189853,23
2022-05-11,SARI,17,17.8571428571429,42.0118779336132,-3.92950649261491,87.9532623598413,23
2022-05-12,SARI,19,18.4285714285714,41.7654939544751,-4.03965334431662,87.5706412532668,23
2022-05-13,SARI,10,18.0,41.5215032908342,-4.14834187312141,87.1913484547898,23
2022-05-14,SARI,11,17.7142857142857,41.2799558857298,-4.25555797862892,86.8154697500884,23
2022-05-15,SARI,21,17.2857142857143,41.0408999514271,-4.36128867644643,86.4430885793006,23
2022-05-16,SARI,13,15.7142857142857,40.8043819962689,-4.46552207037349,86.0742860629114,23
2022-05-17,SARI,18,15.5714285714286,40.5704468525417,-4.56824732404899,85.7091410291325,23
2022-05-18,SARI,14,15.1428571428571,40.3391377052848,-4.66945463211748,85.3477300426872,23
2022-05-19,SARI,14,14.4285714285714,40.1104961219731,-4.76913519096991,84.9901274349161,23
2022-05-20,SARI,18,15.5714285714286,39.884562083003,-4.86728116911273,84.6364053351187,23
2022-05-21,SARI,17,16.4285714285714,39.6613740129153,-4.96388567721805,84.2866337030486,23
2022-05-22,SARI,14,15.4285714285714,39.4409688122873,-5.05894273790572,83.9408803624802,23
2022-05-23,SARI,12,15.2857142857143,39.2233818902301,-5.15244725530679,83.599211035767,23
2022-05-24,SARI,20,15.5714285714286,39.0086471974281,-5.24439498445625,83.2616893793124,23
2022-05-25,SARI,29,17.7142857142857,38.7967972596571,-5.33478250056138,82.9283770198755,23
2022-05-26,SARI,19,18.4285714285714,38.5878632117232,-5.42360716819032,82.5993335916367,23
2022-05-27,SARI,16,18.1428571428571,38.3818748317622,-5.51086711042386,82.2746167739482,23
2022-05-28,SARI,22,18.8571428571429,38.1788605758432,-5.59656117801179,81.9542823296981,23
2022-05-29,SARI,20,19.7142857142857,37.9788476128216,-5.68068891857339,81.6383841442165,23
2022-05-30,SARI,20,20.8571428571429,37.7818618593873,-5.7632505458803,81.3269742646549,23
2022-05-31,SARI,14,20.0,37.5879280152574,-5.84424690925779,81.0201029397727,23
2022-06-01,SARI,18,18.4285714285714,37.3970695984627,-5.92367946313922,80.7178186600646,23
2022-06-02,SARI,18,18.2857142857143,37.2093089806801,-6.0015502368066,80.4201681981669,23
2022-06-03,SARI,22,19.1428571428571,37.0246674225653,-6.07786180434878,80.1271966494793,23
2022-06-04,SARI,18,18.5714285714286,36.8431651090393,-6.15261725486669,79.8389474729454,23
2022-06-05,SARI,20,18.5714285714286,36.664821184489,-6.22582016295397,79.555462531932,23
2022-06-06,SARI,16,18.0,36.4896537878372,-6.29747455947925,79.2767821351536,23
2022-06-07,SARI,23,19.2857142857143,36.3176800874454,-6.36758490269539,79.0029450775861,23
2022-06-08,SARI,14,18.7142857142857,36.1489163158109,-6.43615604969874,78.7339886813205,23
2022-06-09,SARI,23,19.4285714285714,35.983377804022,-6.5031932282606,78.4699488363047,23
2022-06-10,SARI,17,18.7142857142857,35.8210790159375,-6.56870200905112,78.2108600409262,23
2022-06-11,SARI,17,18.5714285714286,35.6620335820576,-6.63268827827501,77.9567554423902,23
2022-06-12,SARI,14,17.7142857142857,35.5062543330552,-6.69515821073636,77.7076668768468,23
2022-06-13,SARI,17,17.8571428571429,35.3537533329392,-6.75611824334909,77.4636249092275,23
2022-06-14,SARI,16,16.8571428571429,35.2045419118201,-6.81557504910797,77.2246588727482,23
2022-06-15,SARI,19,17.5714285714286,35.0586306982531,-6.87353551153406,76.9907969080403,23
2022-06-16,SARI,23,17.5714285714286,34.9160296511333,-6.93000669960686,76.7620660018734,23
2022-06-17,SARI,21,18.1428571428571,34.7767480911193,-6.98499584319487,76.5384920254336,23
2022-06-18,SARI,11,17.2857142857143,34.6407947315642,-7.03851030899444,76.3200997721228,23
2022-06-19,SARI,21,18.2857142857143,34.5081777089309,-7.09055757698643,76.1069129948482,23
2022-06-20,SARI,14,17.8571428571429,34.3789046126755,-7.14114521741859,75.8989544427697,23
2022-06-21,SARI,25,19.1428571428571,34.2529825145783,-7.19028086832088,75.6962458974775,23
2022-06-22,SARI,19,19.1428571428571,34.1304179975058,-7.23797221355989,75.4988082085715,23
2022-06-23,SARI,18,18.4285714285714,34.0112171835886,-7.28422696143806,75.3066613286152,23
2022-06-24,SARI,21,18.4285714285714,33.8953857618002,-7.32905282384166,75.119824347442,23
2022-06-25,SARI,22,20.0,33.7829290149226,-7.37245749594176,74.9383155257869,23
2022-06-26,SARI,15,19.1428571428571,33.6738518458869,-7.41444863645092,74.7621523282248,23
2022-06-27,SARI,24,20.5714285714286,33.5681588034764,-7.45503384843805,74.5913514553909,23
2022-06-28,SARI,17,19.4285714285714,33.465854107382,-7.49422066070305,74.425928875467,23
2022-06-29,SARI,22,19.8571428571429,33.3669416725998,-7.53201650971229,74.265899854912,23
2022-06-30,SARI,25,20.8571428571429,33.2714251331627,-7.56842872209561,74.111278988421,23
2022-07-01,SARI,22,21.1428571428571,35.383350570749,-8.97497198910338,79.7416731306013,25
2022-07-02,SARI,20,20.7142857142857,35.2887425439601,-9.00964695372023,79.5871320416405,25
2022-07-03,SARI,20,21.4285714285714,35.1977660666043,-9.04291470517935,79.4384468383879,25
2022-07-04,SARI,36,23.1428571428571,35.1104240541685,-9.07478259737761,79.2956307057145,25
2022-07-05,SARI,21,23.7714285714286,35.0267192381025,-9.10525777556772,79.1586962517727,25
2022-07-06,SARI,22,23.7952380952381,34.9466541867011,-9.13434716140583,79.027655534808,25
2022-07-07,SARI,24,23.5952380952381,34.8702313252283,-9.16205743858514,78.9025200890417,25
2022-07-08,SARI,23,23.7142857142857,34.7974529552795,-9.18839503905315,78.7833009496121,25
2022-07-09,SARI,18,23.4285714285714,34.7283212733777,-9.21336612980961,78.670008676565,25
2022-07-10,SARI,15,22.7142857142857,34.6628383888002,-9.23697660028266,78.5626533778832,25
2022-07-11,SARI,22,20.7142857142857,34.6010063406327,-9.25923205027984,78.4612447315453,25
2022-07-12,SARI,18,20.2857142857143,34.5428271140483,-9.28013777851131,78.3657920066079,25
2022-07-13,SARI,23,20.4285714285714,34.4883026558089,-9.29969877168185,78.2763040832996,25
2022-07-14,SARI,27,20.8571428571429,34.4374348889869,-9.31791969414915,78.1927894721229,25
2022-07-15,SARI,18,20.1428571428571,34.3902257269055,-9.33480487814468,78.1152563319557,25
2022-07-16,SARI,23,20.8571428571429,34.3466770862953,-9.35035831455486,78.0437124871454,25
2022-07-17,SARI,17,21.1428571428571,34.3067908996665,-9.36458364425918,77.9781654435922,25
2022-07-18,SARI,28,22.0,34.2705691268952,-9.37748415002288,77.9186224038132,25
2022-07-19,SARI,18,22.0,34.2380137660214,-9.38906274894138,77.8650902809841,25
2022-07-20,SARI,19,21.4285714285714,34.2091268632598,-9.39932198543409,77.8175757119537,25
2022-07-21,SARI,37,22.8571428571429,34.1839105222204,-9.4082640247854,77.7760850692261,25
2022-07-22,SARI,26,24.0,34.1623669123379,-9.41589064723081,77.7406244719066,25
2022-07-23,SARI,9,22.0,34.144498276511,-9.42220324258635,77.7111997956083,25
2022-07-24,SARI,20,22.4285714285714,34.1303069379473,-9.42720280541984,77.6878166813145,25
2022-07-25,SARI,31,22.8571428571429,34.1197953062167,-9.43088993076245,77.6704805431958,25
2022-07-26,SARI,22,23.4285714285714,34.1129658825077,-9.43326481035994,77.6591965753753,25
2022-07-27,SARI,26,24.4285714285714,34.1098212640902,-9.43432722946251,77.6539697576429,25
2022-07-28,SARI,18,21.7142857142857,34.1103641479802,-9.43407656415289,77.6548048601133,25
2022-07-29,SARI,22,21.1428571428571,34.1145973338068,-9.43251177921266,77.6617064468263,25
2022-07-30,SARI,16,22.1428571428571,34.1225237258796,-9.429631426527,77.6746788782862,25
2022-07-31,SARI,16,21.5714285714286,34.134146334456,-9.42543364402811,77.6937263129401,25
2022-08-01,SARI,35,22.1428571428571,34.1494682762059,-9.41991615517857,77.7188527075903,25
2022-08-02,SARI,28,23.0,34.1684927738728,-9.41307626899534,77.750061816741,25
2022-08-03,SARI,26,23.0,34.1912231551304,-9.40491088061632,77.7873571908771,25
2022-08-04,SARI,21,23.4285714285714,34.2176628506308,-9.39541647241101,77.8307421736727,25
2022-08-05,SARI,13,22.1428571428571,34.247815391246,-9.38458911563754,77.8802198981295,25
2022-08-06,SARI,18,22.4285714285714,34.281684404497,-9.37242447264841,77.9357932816423,25
2022-08-07,SARI,14,22.1428571428571,34.3192736101717,-9.3589177996481,77.9974650199916,25
2022-08-08,SARI,17,19.5714285714286,34.3605868151282,-9.3440639500051,78.0652375802615,25
2022-08-09,SARI,13,17.4285714285714,34.4056279072808,-9.32785737812217,78.1391131926837,25
2022-08-10,SARI,21,16.7142857142857,34.4544008487686,-9.31029214386843,78.2190938414056,25
2022-08-11,SARI,22,16.8571428571429,34.5069096683028,-9.29136191757718,78.3051812541827,25
2022-08-12,SARI,28,19.0,34.5631584526912,-9.27105998561369,78.3973768909961,25
2022-08-13,SARI,22,19.5714285714286,34.6231513375385,-9.24937925651747,78.4956819315944,25
2022-08-14,SARI,21,20.5714285714286,34.6868924971185,-9.22631226772373,78.6000972619608,25
2022-08-15,SARI,26,21.8571428571429,34.7543861334187,-9.20185119286898,78.7106234597065,25
2022-08-16,SARI,22,23.1428571428571,34.8256364643528,-9.17598784968572,78.8272607783914,25
2022-08-17,SARI,19,22.8571428571429,34.9006477111409,-9.14871370849174,78.9500091307736,25
2022-08-18,SARI,15,21.8571428571429,34.9794240848553,-9.12001990127914,79.0788680709898,25
2022-08-19,SARI,21,20.8571428571429,35.0619697721299,-9.08989723140898,79.2138367756688,25
2022-08-20,SARI,25,21.2857142857143,35.1482889200319,-9.05833618391681,79.3549140239806,25
2022-08-21,SARI,14,20.2857142857143,35.2383856200953,-9.02532693643502,79.5020981766255,25
2022-08-22,SARI,17,19.0,35.3322638915142,-8.99085937073747,79.6553871537658,25
2022-08-23,SARI,7,16.8571428571429,35.429927663496,-8.95492308491252,79.8147784119046,25
2022-08-24,SARI,27,18.0,35.5313807567743,-8.91750740616954,79.9802689197181,25
2022-08-25,SARI,16,18.1428571428571,35.6366268642799,-8.87860140428501,80.1518551328447,25
2022-08-26,SARI,19,17.8571428571429,35.7456695309735,-8.83819390569336,80.3295329676403,25
2022-08-27,SARI,22,17.4285714285714,35.8585121328374,-8.79627350822802,80.5132977739028,25
2022-08-28,SARI,15,17.5714285714286,35.9751578550303,-8.75282859651772,80.7031443065782,25
2022-08-29,SARI,17,17.5714285714286,36.0956096692054,-8.70784735804295,80.8990666964537,25
2022-08-30,SARI,18,19.1428571428571,36.2198703099956,-8.66131779985719,81.1010584198484,25
2022-08-31,SARI,20,18.1428571428571,36.3479422506679,-8.6132277659772,81.309112267313,25
2022-09-01,SARI,20,18.7142857142857,36.479827677951,-8.56356495544625,81.5232203113482,25
2022-09-02,SARI,23,19.2857142857143,36.6155284660411,-8.51231694107369,81.743373873156,25
2022-09-03,SARI,11,17.7142857142857,36.7550461497916,-8.45947118885399,81.9695634884371,25
2022-09-04,SARI,19,18.2857142857143,36.8983818970905,-8.40501507806772,82.2017788722487,25
2022-09-05,SARI,23,19.1428571428571,37.0455364804361,-8.34893592206624,82.4400088829384,25
2022-09-06,SARI,26,20.2857142857143,37.1965102477161,-8.29122098974149,82.6842414851736,25
2022-09-07,SARI,15,19.5714285714286,37.3513030922005,-8.2318575276814,82.9344637120823,25
2022-09-08,SARI,19,19.4285714285714,37.5099144217579,-8.17083278301088,83.1906616265266,25
2022-09-09,SARI,25,19.7142857142857,37.6723431273067,-8.10813402691732,83.4528202815307,25
2022-09-10,SARI,15,20.2857142857143,37.8385875505134,-8.04374857885878,83.7209236798855,25
2022-09-11,SARI,16,19.8571428571429,38.008645450751,-7.97766383145227,83.9949547329543,25
2022-09-12,SARI,28,20.5714285714286,38.182513971334,-7.90986727603842,84.2748952187064,25
2022-09-13,SARI,22,20.0,38.3601896050439,-7.84034652891767,84.5607257390054,25
2022-09-14,SARI,24,21.2857142857143,38.5416681589651,-7.76908935825243,84.8524256761826,25
2022-09-15,SARI,19,21.2857142857143,38.7269447186489,-7.69608371162803,85.1499731489259,25
2022-09-16,SARI,26,21.4285714285714,38.9160136116266,-7.6213177442645,85.4533449675177,25
2022-09-17,SARI,15,21.4285714285714,39.1088683702936,-7.54477984786961,85.7625165884567,25
2022-09-18,SARI,14,21.1428571428571,39.3055016941893,-7.46645868012256,86.0774620685011,25
2022-09-19,SARI,27,21.0,39.5059054116971,-7.38634319477617,86.3981540181704,25
2022-09-20,SARI,13,19.7142857142857,39.7100704411926,-7.30442267236386,86.724563554749,25
2022-09-21,SARI,22,19.4285714285714,39.9179867516679,-7.22068675149678,87.0566602548327,25
2022-09-22,SARI,34,21.5714285714286,40.1296433228652,-7.13512546073396,87.3944121064644,25
2022-09-23,SARI,33,22.5714285714286,40.3450281049492,-7.04772925100778,87.7377854609061,25
2022-09-24,SARI,21,23.4285714285714,40.5641279777558,-6.95848902858447,88.0867449840961,25
2022-09-25,SARI,24,24.8571428571429,40.7869287096526,-6.86739618853859,88.4412536078438,25
2022-09-26,SARI,30,25.2857142857143,41.0134149160495,-6.77444264871762,88.8012724808166,25
2022-09-27,SARI,27,27.2857142857143,41.2435700176007,-6.67962088417212,89.1667609193735,25
2022-09-28,SARI,23,27.4285714285714,41.4773761981412,-6.58292396202394,89.5376763583064,25
2022-09-29,SARI,32,27.1428571428571,41.7148143624017,-6.48434557674426,89.9139743015477,25
2022-09-30,SARI,40,28.1428571428571,41.9558640935498,-6.38388008581022,90.2956082729098,25
2022-10-01,SARI,20,28.1428571428571,42.4102074445753,-7.09918414691045,91.919599036061,27
2022-10-02,SARI,25,28.2857142857143,42.6596469520043,-6.99683907820397,92.3161329822125,27
2022-10-03,SARI,25,27.5714285714286,42.9126460210991,-6.89261329592372,92.717905338122,27
2022-10-04,SARI,26,27.2857142857143,43.1691783926324,-6.78650370080645,93.1248604860713,27
2022-10-05,SARI,29,28.1428571428571,43.4292162650822,-6.67850803164093,93.5369405618053,27
2022-10-06,SARI,23,26.8571428571429,43.6927302520285,-6.56862490249895,93.954085406556,27
2022-10-07,SARI,26,24.8571428571429,43.9596893397676,-6.45685384007928,94.3762325196145,27
2022-10-08,SARI,21,25.0,44.2300608452074,-6.34319532111733,94.8033170115322,27
2022-10-09,SARI,28,25.4285714285714,44.5038103741138,-6.22765080981171,95.2352715580393,27
2022-10-10,SARI,40,27.5714285714286,44.7809017797739,-6.11022279521662,95.6720263547644,27
2022-10-11,SARI,34,28.7142857142857,45.0612971221496,-5.99091482854706,96.1135090728463,27
2022-10-12,SARI,28,28.5714285714286,45.3449566275939,-5.86973156034147,96.5596448155293,27
2022-10-13,SARI,29,29.4285714285714,45.6318386492048,-5.74667877742502,97.0103560758345,27
2022-10-14,SARI,39,31.2857142857143,45.9218996278949,-5.62176343961402,97.4655626954038,27
2022-10-15,SARI,30,32.5714285714286,46.2150940542551,-5.49499371610081,97.925181824611,27
2022-10-16,SARI,24,32.0,46.511374431293,-5.36637902145587,98.3891278840418,27
2022-10-17,SARI,33,31.0,46.8106912381293,-5.23593005118252,98.857312527441,27
2022-10-18,SARI,32,30.7142857142857,47.1129928947357,-5.10365881675762,99.3296446062291,27
2022-10-19,SARI,27,30.5714285714286,47.4182257278006,-4.96957868009021,99.8060301356914,27
2022-10-20,SARI,30,30.7142857142857,47.7263339378085,-4.83370438732789,100.286372262945,27
2022-10-21,SARI,27,29.0,48.037259567423,-4.69605210194,100.770571236786,27
2022-10-22,SARI,21,27.7142857142857,48.3509424712623,-4.5566394370043,101.258524379529,27
2022-10-23,SARI,22,27.4285714285714,48.6673202871564,-4.41548548662359,101.750126060936,27
2022-10-24,SARI,44,29.0,48.9863284089805,-4.27261085639634,102.245267674357,27
2022-10-25,SARI,32,29.0,49.3078999611534,-4.12803769286529,102.743837615172,27
2022-10-26,SARI,29,29.2857142857143,49.631965774896,-3.98178971186629,103.245721261658,27
2022-10-27,SARI,31,29.4285714285714,49.9584543663419,-3.83389222569953,103.750800958383,27
2022-10-28,SARI,34,30.4285714285714,50.2872919165937,-3.68437216904378,104.258956002231,27
2022-10-29,SARI,23,30.7142857142857,50.618402253818,-3.53325812353443,104.770062631171,27
2022-10-30,SARI,26,31.2857142857143,50.9517068374738,-3.38058034092547,105.283994015873,27
2022-10-31,SARI,22,28.1428571428571,51.287124744764,-3.22637076475539,105.800620254283,27
2022-11-01,SARI,31,28.0,51.6245726594054,-3.07066305043684,106.319808369248,27
2022-11-02,SARI,19,26.5714285714286,51.9639648628067,-2.91349258369035,106.841422309304,27
2022-11-03,SARI,27,26.0,52.3052132277458,-2.75489649724224,107.365322952734,27
2022-11-04,SARI,39,26.7142857142857,52.6482272146333,-2.59491368570833,107.891368114975,27
2022-11-05,SARI,29,27.5714285714286,52.9929138704535,-2.4335848185846,108.419412559492,27
2022-11-06,SARI,35,28.8571428571429,53.3391778304642,-2.27095235126794,108.949308012196,27
2022-11-07,SARI,30,30.0,53.686921322743,-2.1070605340308,109.480903179517,27
2022-11-08,SARI,39,31.1428571428571,54.0360441756578,-1.94195541887532,110.014043770191,27
2022-11-09,SARI,35,33.4285714285714,54.3864438283433,-1.77568486419361,110.54857252088,27
2022-11-10,SARI,32,34.1428571428571,54.7380153442582,-1.60829853716328,111.08432922568,27
2022-11-11,SARI,25,32.1428571428571,55.0906514278953,-1.43984791380914,111.6211507696,27
2022-11-12,SARI,30,32.2857142857143,55.4442424447157,-1.27038627666456,112.158871166096,27
2022-11-13,SARI,30,31.5714285714286,55.7986764443716,-1.09996870996815,112.697321598711,27
2022-11-14,SARI,45,33.7142857142857,56.1538391872802,-0.928652092334642,113.236330466895,27
2022-11-15,SARI,34,33.0,56.5096141746071,-0.756495086841843,113.775723436056,27
2022-11-16,SARI,43,34.1428571428571,56.8658826817114,-0.583558128478789,114.315323491902,27
2022-11-17,SARI,31,34.0,57.2225237951016,-0.409903408903692,114.854950999107,27
2022-11-18,SARI,43,36.5714285714286,57.5794144529464,-0.235594858464199,115.394423764357,27
2022-11-19,SARI,30,36.5714285714286,57.9364294891788,-0.060698125436539,115.933557103794,27
2022-11-20,SARI,34,37.1428571428571,58.2934416812247,0.114719447555601,116.472163914894,27
2022-11-21,SARI,48,37.5714285714286,58.6503218013855,0.29058884997734,117.010054752794,27
2022-11-22,SARI,39,38.2857142857143,59.006938671894,0.466839432703886,117.547037911084,27
2022-11-23,SARI,59,40.5714285714286,59.3631592236597,0.64339894025204,118.082919507067,27
2022-11-24,SARI,37,41.4285714285714,59.7188485587102,0.820193545941344,118.617503571479,27
2022-11-25,SARI,44,41.5714285714286,60.0738700163324,0.997147890000116,119.150592142665,27
2022-11-26,SARI,39,42.8571428571429,60.4280852429065,1.17418512062471,119.681985365188,27
2022-11-27,SARI,41,43.8571428571429,60.7813542654215,1.35122693799578,120.211481592847,27
2022-11-28,SARI,48,43.8571428571429,61.1335355686521,1.5281936412482,120.738877496056,27
2022-11-29,SARI,41,44.1428571428571,61.48448617597,1.70500417838671,121.263968173553,27
2022-11-30,SARI,48,42.5714285714286,61.8340617337554,1.88157619913169,121.786547268379,27
2022-12-01,SARI,39,42.8571428571429,62.1821165993655,2.05782611067411,122.306407088057,27
2022-12-02,SARI,60,45.1428571428571,62.5285039326102,2.23366913631145,122.823338728909,27
2022-12-03,SARI,66,49.0,62.8730757906771,2.40901937693069,123.337132204423,27
2022-12-04,SARI,59,51.5714285714286,63.2156832264389,2.58378987529702,123.847576577581,27
2022-12-05,SARI,51,52.0,63.5561763900701,2.75789268310053,124.35446009704,27
2022-12-06,SARI,57,54.2857142857143,63.8944046338883,2.93123893070603,124.857570337071,27
2022-12-07,SARI,51,54.7142857142857,64.2302166203325,3.10373889954509,125.35669434112,27
2022-12-08,SARI,57,57.2857142857143,64.5634604329776,3.27530209708148,125.851618768874,27
2022-12-09,SARI,64,57.8571428571429,64.8939836904788,3.44583733427505,126.342130046683,27
2022-12-10,SARI,43,54.5714285714286,65.2216336633315,3.61525280546229,126.828014521201,27
2022-12-11,SARI,68,55.8571428571429,65.5462573933234,3.78345617056425,127.309058616083,27
2022-12-12,SARI,62,57.4285714285714,65.867701815548,3.95035463952695,127.785048991569,27
2022-12-13,SARI,54,57.0,66.185813882842,4.11585505889187,128.255772706792,27
2022-12-14,SARI,77,60.7142857142857,66.5004406924989,4.27986400038787,128.72101738461,27
2022-12-15,SARI,74,63.1428571428571,66.8114296151069,4.44228785142951,129.180571378784,27
2022-12-16,SARI,64,63.1428571428571,67.1186284253494,4.60303290740063,129.634223943298,27
2022-12-17,SARI,43,63.1428571428571,67.4218854346006,4.76200546559589,130.081765403605,27
2022-12-18,SARI,68,63.1428571428571,67.7210496251421,4.91911192068678,130.522987329597,27
2022-12-19,SARI,61,63.0,68.0159707858191,5.07425886157356,130.957682710065,27
2022-12-20,SARI,85,67.4285714285714,68.3064996489485,5.22735316947862,131.385646128418,27
2022-12-21,SARI,70,66.4285714285714,68.5924880282881,5.37830211713214,131.806673939444,27
2022-12-22,SARI,98,69.8571428571429,68.8737889578658,5.52701346889562,132.220564446836,27
2022-12-23,SARI,63,69.7142857142857,69.150256831466,5.67339558166405,132.627118081268,27
2022-12-24,SARI,42,69.5714285714286,69.4217475425668,5.81735750638445,133.026137578749,27
2022-12-25,SARI,56,67.8571428571429,69.6881186245115,5.95880909002295,133.417428159,27
2022-12-26,SARI,60,67.7142857142857,69.9492293907016,6.09766107781048,133.800797703593,27
2022-12-27,SARI,83,67.4285714285714,70.2049410745885,6.23382521559279,134.176056933584,27
2022-12-28,SARI,62,66.2857142857143,70.4551169692429,6.36721435210876,134.543019586377,27
2022-12-29,SARI,66,61.7142857142857,70.6996225662743,6.49774254101785,134.901502591531,27
2022-12-30,SARI,41,58.5714285714286,70.9383256938755,6.62532514249598,135.251326245255,27
2022-12-31,SARI,41,58.4285714285714,71.1710966537607,6.7498789242172,135.592314383304,27
2023-01-01,SARI,39,56.0,71.3309965702483,7.243814946153,135.418178194344,26
2023-01-02,SARI,50,54.5714285714286,71.5513183072382,7.36258223944338,135.740054375033,26
2023-01-03,SARI,44,49.0,71.7653408708509,7.47806487040685,136.052616871295,26
2023-01-04,SARI,32,44.7142857142857,71.9729459069755,7.59018603264052,136.355705781311,26
2023-01-05,SARI,48,42.1428571428571,72.174018192158,7.69887082258398,136.649165561732,26
2023-01-06,SARI,30,40.5714285714286,72.3684457589684,7.80404633309131,136.932845184845,26
2023-01-07,SARI,31,39.1428571428571,72.5561200186685,7.90564174510466,137.206598292232,26
2023-01-08,SARI,27,37.4285714285714,72.7369358809573,8.00358841725077,137.470283344664,26
2023-01-09,SARI,43,36.4285714285714,72.9107918705779,8.09781997318545,137.72376376797,26
2023-01-10,SARI,33,34.8571428571429,73.0775902405735,8.18827238651367,137.966908094633,26
2023-01-11,SARI,30,34.5714285714286,73.2372370819823,8.27488406311664,138.199590100848,26
2023-01-12,SARI,30,32.0,73.3896424297702,8.35759592072132,138.421688938819,26
2023-01-13,SARI,26,31.4285714285714,73.5347203648021,8.43635146555286,138.633089264051,26
2023-01-14,SARI,19,29.7142857142857,73.6723891116622,8.5110968659148,138.83368135741,26
2023-01-15,SARI,27,29.7142857142857,73.8025711321385,8.58178102254812,139.023361241729,26
2023-01-16,SARI,35,28.5714285714286,73.9251932141933,8.64835563562492,139.202030792762,26
2023-01-17,SARI,33,28.5714285714286,74.040186556253,8.71077526824059,139.369597844266,26
2023-01-18,SARI,25,27.8571428571429,74.1474868466543,8.76899740627316,139.525976287036,26
2023-01-19,SARI,24,27.0,74.2470343380953,8.82298251448726,139.671086161703,26
2023-01-20,SARI,22,26.4285714285714,74.3387739169481,8.87269408876589,139.80485374513,26
2023-01-21,SARI,17,26.1428571428571,74.4226551673007,8.91809870436282,139.927211630239,26
2023-01-22,SARI,16,24.5714285714286,74.498632429602,8.95916606007489,140.038098799129,26
2023-01-23,SARI,22,22.7142857142857,74.5666648538,8.99586901824311,140.137460689357,26
2023-01-24,SARI,20,20.8571428571429,74.6267164468668,9.02818364049888,140.225249253235,26
2023-01-25,SARI,22,20.4285714285714,74.678756114621,9.05608921918213,140.30142301006,26
2023-01-26,SARI,25,20.5714285714286,74.7227576977663,9.07956830436576,140.365947091167,26
2023-01-27,SARI,19,20.1428571428571,74.7587000020756,9.09860672643113,140.41879327772,26
2023-01-28,SARI,20,20.5714285714286,74.7865668226644,9.11319361414805,140.459940031181,26
2023-01-29,SARI,21,21.2857142857143,74.8063469623056,9.12332140822321,140.489372516388,26
2023-01-30,SARI,,,74.8180342437536,9.12898587028982,140.507082617217,26
2023-01-31,SARI,,,74.8216275160528,9.1301860873218,140.513068944784,26
2023-02-01,SARI,,,74.8171306548218,9.12692447146468,140.507336838179,26
2023-02-02,SARI,,,74.8045525565146,9.11920675528672,140.489898357742,26
2023-02-03,SARI,,,74.783907126672,9.10704198246206,140.460772270882,26
2023-02-04,SARI,,,74.7552132621893,9.09044249390876,140.41998403047,26
2023-02-05,SARI,,,74.7184948276378,9.06942390941306,140.367565745863,26
2023-02-06,SARI,,,74.6737806256885,9.04400510478237,140.303556146595,26
2023-02-07,SARI,,,74.6211043617007,9.01420818457753,140.228000538824,26
2023-02-08,SARI,,,74.5605046025467,8.98005845048532,140.140950754608,26
2023-02-09,SARI,,,74.4920247297556,8.94158436540022,140.042465094111,26
2023-02-10,SARI,,,74.4157128870725,8.89881751329489,139.93260826085,26
2023-02-11,SARI,,,74.3316219225379,8.85179255496598,139.81145129011,26
2023-02-12,SARI,,,74.239809325202,8.8005471797515,139.679071470653,26
2023-02-13,SARI,,,74.1403371566016,8.74512205332315,139.53555225988,26
2023-02-14,SARI,,,74.0332719771337,8.68556076166586,139.380983192601,26
2023-02-15,SARI,,,73.9186847674714,8.6219097513634,139.215459783579,26
2023-02-16,SARI,,,73.7966508451772,8.55421826631693,139.039083424037,26
2023-02-17,SARI,,,73.6672497766729,8.48253828102878,138.851961272317,26
2023-02-18,SARI,,,73.5305652847406,8.40692443059211,138.654206138889,26
2023-02-19,SARI,,,73.3866851517295,8.32743393753124,138.445936365928,26
2023-02-20,SARI,,,73.2357011186562,8.24412653564407,138.227275701668,26
2023-02-21,SARI,,,73.0777087803879,8.15706439100267,137.998353169773,26
2023-02-22,SARI,,,72.9128074771085,8.06631202027322,137.759302933944,26
2023-02-23,SARI,,,72.7411001822687,7.97193620652017,137.510264158017,26
2023-02-24,SARI,,,72.5626933872312,7.87400591266393,137.251380861798,26
2023-02-25,SARI,,,72.37769698282,7.77259219276371,136.982801772876,26
2023-02-26,SARI,,,72.1862241379942,7.66776810130141,136.704680174687,26
2023-02-27,SARI,,,71.9883911758639,7.55960860064319,136.417173751085,26
2023-02-28,SARI,,,71.784317447271,7.44819046685871,136.120444427683,26
2023-03-01,SARI,,,71.5741252021608,7.33359219407806,135.814658210244,26
2023-03-02,SARI,,,71.3579394589702,7.21589389756863,135.499985020372,26
2023-03-03,SARI,,,71.1358878722597,7.09517721571372,135.176598528806,26
2023-03-04,SARI,,,70.9081005988179,6.97152521107491,134.844675986561,26
2023-03-05,SARI,,,70.6747101624664,6.84502227072015,134.504398054213,26
2023-03-06,SARI,,,70.4358513177915,6.71575400599769,134.155948629585,26
2023-03-07,SARI,,,70.1916609130308,6.58380715193604,133.799514674126,26
2023-03-08,SARI,,,69.9422777523373,6.4492694664467,133.435286038228,26
2023-03-09,SARI,,,69.6878424576454,6.31222962950581,133.063455285785,26
2023-03-10,SARI,,,69.4284973303568,6.17277714248669,132.684217518227,26
2023-03-11,SARI,,,69.1643862130651,6.03100222781394,132.297770198316,26
2023-03-12,SARI,,,68.8956543515304,5.88699572910482,131.904312973956,26
2023-03-13,SARI,,,68.6224482571142,5.74084901196118,131.504047502267,26
2023-03-14,SARI,,,68.3449155698794,5.59265386557001,131.097177274189,26
2023-03-15,SARI,,,68.0632049225548,5.4425024052676,130.683907439842,26
2023-03-16,SARI,,,67.7774658055592,5.29048697621634,130.264444634902,26
2023-03-17,SARI,,,67.4878484332745,5.1367000583393,129.83899680821,26
2023-03-18,SARI,,,67.1945036117506,4.98123417265154,129.40777305085,26
2023-03-19,SARI,,,66.8975826080202,4.82418178912264,128.970983426918,26
2023-03-20,SARI,,,66.5972370211928,4.66563523619845,128.528838806187,26
2023-03-21,SARI,,,66.293618655493,4.50568661210475,128.081550698881,26
2023-03-22,SARI,,,65.9868793954003,4.34442769804888,127.629331092752,26
2023-03-23,SARI,,,65.6771710830378,4.18194987342991,127.172392292646,26
2023-03-24,SARI,,,65.3646453979563,4.01834403316101,126.710946762752,26
2023-03-25,SARI,,,65.0494537394447,3.85370050720162,126.245206971688,26
2023-03-26,SARI,,,64.7317471114959,3.68810898238986,125.775385240602,26
2023-03-27,SARI,,,64.4116760105476,3.52165842666,125.301693594435,26
2023-03-28,SARI,,,64.0893903161093,3.35443701572235,124.824343616496,26
2023-03-29,SARI,,,63.7650391843793,3.18653206227649,124.343546306482,26
2023-03-30,SARI,,,63.438770944946,3.01802994782193,123.85951194207,26
2023-03-31,SARI,,,63.110733000664,2.84901605712415,123.372449944204,26
2022-04-01,ILI,2,1.0,48.7644743920159,-14.4165519660396,111.945500750071,19
2022-04-02,ILI,1,1.0,47.5580652923523,-14.4391573866185,109.555287971323,19
2022-04-03,ILI,2,1.14285714285714,46.3531781894088,-14.4572915449119,107.163647923729,19
2022-04-04,ILI,2,1.42857142857143,45.1515806613745,-14.4707786491135,104.773939971863,19
2022-04-05,ILI,3,1.57142857142857,43.9549691239731,-14.4794609012347,102.389399149181,19
2022-04-06,ILI,1,1.71428571428571,42.764965912133,-14.4831987911777,100.013130615444,19
2022-04-07,ILI,2,1.85714285714286,41.5831168082508,-14.4818712856677,97.6481049021694,19
2022-04-08,ILI,3,2.0,40.4108890105495,-14.4753759146509,95.2971539357498,19
2022-04-09,ILI,2,2.14285714285714,39.2496695324346,-14.4636287583864,92.9629678232555,19
2022-04-10,ILI,2,2.14285714285714,38.1007640213591,-14.4465643390309,90.6480923817491,19
2022-04-11,ILI,3,2.28571428571429,36.9653959835201,-14.4241354210321,88.3549273880724,19
2022-04-12,ILI,3,2.28571428571429,35.8447063987527,-14.396312725102,86.0857255226074,19
2022-04-13,ILI,4,2.71428571428571,34.7397537082501,-14.3630845609423,83.8425919774425,19
2022-04-14,ILI,5,3.14285714285714,33.6515141562293,-14.3244563842321,81.6274846966906,19
2022-04-15,ILI,0,2.71428571428571,32.5808824653891,-14.280450283668,79.4422152144462,19
2022-04-16,ILI,1,2.57142857142857,31.5286728249534,-14.2311044040666,77.2884500539734,19
2022-04-17,ILI,2,2.57142857142857,30.4956201692652,-14.1764723117022,75.1677126502325,19
2022-04-18,ILI,2,2.42857142857143,29.4823817242898,-14.1166223081567,73.0813857567363,19
2022-04-19,ILI,1,2.14285714285714,28.4895387989802,-14.0516366990114,71.0307142969718,19
2022-04-20,ILI,2,1.85714285714286,27.5175987982537,-13.9816110237078,69.0168086202152,19
2022-04-21,ILI,2,1.42857142857143,26.5669974343177,-13.9066532528556,67.040648121491,19
2022-04-22,ILI,2,1.71428571428571,25.6381011132375,-13.8268829591687,65.1030851856437,19
2022-04-23,ILI,1,1.71428571428571,24.7312094739664,-13.7424304680746,63.2048494160074,19
2022-04-24,ILI,2,1.71428571428571,23.846558057527,-13.6534359938602,61.3465521089141,19
2022-04-25,ILI,2,1.71428571428571,22.9843210846407,-13.56004876701,59.5286909362914,19
2022-04-26,ILI,2,1.85714285714286,22.1446143208283,-13.4624261581469,57.7516547998036,19
2022-04-27,ILI,1,1.71428571428571,21.327498008835,-13.3607328037142,56.0157288213843,19
2022-04-28,ILI,0,1.42857142857143,20.5329798491574,-13.2551397382469,54.3210994365617,19
2022-04-29,ILI,1,1.28571428571429,19.7610180104458,-13.1458235377648,52.6678595586563,19
2022-04-30,ILI,0,1.14285714285714,19.0115241526186,-13.0329654784935,51.0560137837306,19
2022-05-01,ILI,2,1.14285714285714,18.2843664466302,-12.9167507147794,49.4854836080399,19
2022-05-02,ILI,2,1.14285714285714,17.5793725759821,-12.7973674797165,47.9561126316807,19
2022-05-03,ILI,0,0.857142857142857,16.8963327062312,-12.6750063116498,46.4676717241123,19
2022-05-04,ILI,0,0.714285714285714,16.2350024099301,-12.5498593093703,45.0198641292305,19
2022-05-05,ILI,1,0.857142857142857,15.5951055356122,-12.4221194184575,43.612330489682,19
2022-05-06,ILI,2,1.0,14.9763370106069,-12.2919797508848,42.2446537720985,19
2022-05-07,ILI,1,1.14285714285714,14.3783655686199,-12.159632939657,40.9163640768967,19
2022-05-08,ILI,1,1.0,13.8008363941439,-12.0252705299208,39.6269433182087,19
2022-05-09,ILI,2,1.0,13.2433736768547,-11.8890824076654,38.3758297613749,19
2022-05-10,ILI,2,1.28571428571429,12.7055830702039,-11.7512562668258,37.1624224072336,19
2022-05-11,ILI,0,1.28571428571429,12.1870540494285,-11.6119771153056,35.9860852141625,19
2022-05-12,ILI,1,1.28571428571429,11.6873621651573,-11.4714268201611,34.8461511504758,19
2022-05-13,ILI,1,1.14285714285714,11.2060711897032,-11.3297836919244,33.7419260713308,19
2022-05-14,ILI,0,1.0,10.7427351539804,-11.1872221078039,32.6726924157647,19
2022-05-15,ILI,0,0.857142857142857,10.2969002737846,-11.0439121732721,31.6377127208412,19
2022-05-16,ILI,0,0.571428571428571,9.86810676490681,-10.9000194213474,30.636232951161,19
2022-05-17,ILI,1,0.428571428571429,9.45589054723149,-10.7557045486874,29.6674856431503,19
2022-05-18,ILI,1,0.571428571428571,9.05978483858582,-10.6111231874424,28.7306928646141,19
2022-05-19,ILI,3,0.857142857142857,8.67932163966796,-10.4664257116708,27.8250689910068,19
2022-05-20,ILI,1,0.857142857142857,8.31403311188192,-10.3217570769839,26.9498233007477,19
2022-05-21,ILI,3,1.28571428571429,7.96345285035226,-10.1772566919781,26.1041623926826,19
2022-05-22,ILI,2,1.57142857142857,7.62711705478277,-10.0330583199177,25.2872924294833,19
2022-05-23,ILI,1,1.71428571428571,7.30456560116017,-9.88929000905176,24.4984212113721,19
2022-05-24,ILI,0,1.57142857142857,6.99534301759189,-9.74607404989254,23.7367600850763,19
2022-05-25,ILI,1,1.57142857142857,6.69899936780752,-9.60352695773651,23.0015256933515,19
2022-05-26,ILI,0,1.14285714285714,6.41509104604751,-9.46175947868045,22.2919415707755,19
2022-05-27,ILI,0,1.0,6.1431814872168,-9.3208766173725,21.6072395918061,19
2022-05-28,ILI,4,1.14285714285714,5.8828417962944,-9.18097768473668,20.9466612773255,19
2022-05-29,ILI,0,0.857142857142857,5.63365130106747,-9.04215636392265,20.3094589660576,19
2022-05-30,ILI,0,0.714285714285714,5.39519803230353,-8.90450079275669,19.6948968573638,19
2022-05-31,ILI,0,0.714285714285714,5.16707913548811,-8.76809366100556,19.1022519319818,19
2022-06-01,ILI,0,0.571428571428571,4.94890121824215,-8.63301232080974,18.530814757294,19
2022-06-02,ILI,0,0.571428571428571,4.74028063749595,-8.49932890869709,17.979890183689,19
2022-06-03,ILI,1,0.714285714285714,4.54084373043681,-8.36711047764947,17.4487979385231,19
2022-06-04,ILI,0,0.142857142857143,4.35022699316889,-8.23641913776346,16.9368731241012,19
2022-06-05,ILI,2,0.428571428571429,4.16807721092884,-8.10731220412048,16.4434666259782,19
2022-06-06,ILI,0,0.428571428571429,3.99405154359089,-7.97984235056023,15.967945437742,19
2022-06-07,ILI,1,0.571428571428571,3.82781757007385,-7.85405776813347,15.5096929082812,19
2022-06-08,ILI,0,0.571428571428571,3.66905329513108,-7.73000232709468,15.0681089173568,19
2022-06-09,ILI,0,0.571428571428571,3.5174471218651,-7.60771574138126,14.6426099851115,19
2022-06-10,ILI,2,0.714285714285714,3.37269779316311,-7.48723373461224,14.2326293209385,19
2022-06-11,ILI,1,0.857142857142857,3.23451430509984,-7.36858820672582,13.8376168169255,19
2022-06-12,ILI,0,0.571428571428571,3.10261579520128,-7.25180740045955,13.4570389908621,19
2022-06-13,ILI,3,1.0,2.97673140830839,-7.13691606696009,13.0903788835769,19
2022-06-14,ILI,0,0.857142857142857,2.85660014262522,-7.02393562988963,12.7371359151401,19
2022-06-15,ILI,0,0.857142857142857,2.74197067838179,-6.91288434747264,12.3968257042362,19
2022-06-16,ILI,0,0.857142857142857,2.63260119138975,-6.80377747200027,12.0689798547798,19
2022-06-17,ILI,1,0.714285714285714,2.52825915361931,-6.69662740637805,11.7531457136167,19
2022-06-18,ILI,2,0.857142857142857,2.42872112277916,-6.59144385736754,11.4488861029259,19
2022-06-19,ILI,2,1.14285714285714,2.333772522739,-6.48823398523188,11.1557790307099,19
2022-06-20,ILI,1,0.857142857142857,2.24320741649587,-6.38700254955026,10.873417382542,19
2022-06-21,ILI,1,1.0,2.15682827325252,-6.28775205101633,10.6014085975214,19
2022-06-22,ILI,0,1.0,2.07444573104778,-6.19048286908043,10.339374331176,19
2022-06-23,ILI,1,1.14285714285714,1.99587835625683,-6.09519339533606,10.0869501078497,19
2022-06-24,ILI,1,1.14285714285714,1.92095240116177,-6.00188016258637,9.84378496490991,19
2022-06-25,ILI,0,0.857142857142857,1.84950156068245,-5.91053796955813,9.60954109092302,19
2022-06-26,ILI,2,0.857142857142857,1.78136672925189,-5.8211600012571,9.38389345976088,19
2022-06-27,ILI,0,0.714285714285714,1.71639575872144,-5.73373794498252,9.1665294624254,19
2022-06-28,ILI,0,0.571428571428571,1.65444321808735,-5.6482621020374,8.95714853821211,19
2022-06-29,ILI,1,0.714285714285714,1.59537015574266,-5.56472149518816,8.75546180667348,19
2022-06-30,ILI,0,0.571428571428571,1.53904386487645,-5.48310397194002,8.56119170169291,19
2022-07-01,ILI,0,0.428571428571429,1.28271279136342,-4.01019507388934,6.57562065661617,12
2022-07-02,ILI,1,0.571428571428571,1.23849124719116,-3.95317250685134,6.43015500123366,12
2022-07-03,ILI,0,0.285714285714286,1.19632834051238,-3.89752713571417,6.29018381673893,12
2022-07-04,ILI,0,0.285714285714286,1.15612908316427,-3.84324636396863,6.15550453029717,12
2022-07-05,ILI,1,0.428571428571429,1.11780292210211,-3.79031722278207,6.02592306698629,12
2022-07-06,ILI,0,0.285714285714286,1.08126356100912,-3.73872641621344,5.90125353823168,12
2022-07-07,ILI,0,0.285714285714286,1.04642878678539,-3.68846036457317,5.78131793814394,12
2022-07-08,ILI,0,0.285714285714286,1.01322030104589,-3.6395052459979,5.66594584808969,12
2022-07-09,ILI,0,0.142857142857143,0.981563556724652,-3.59184703630582,5.55497414975512,12
2022-07-10,ILI,1,0.285714285714286,0.951387599851287,-3.54547154719438,5.44824674689696,12
2022-07-11,ILI,1,0.428571428571429,0.922624916539438,-3.50036446283839,5.34561429591727,12
2022-07-12,ILI,1,0.428571428571429,0.895211285201738,-3.45651137494271,5.24693394534619,12
2022-07-13,ILI,2,0.714285714285714,0.869085633984552,-3.41389781630076,5.15206908426986,12
2022-07-14,ILI,0,0.714285714285714,0.844189903396228,-3.37250929290662,5.06088909969907,12
2022-07-15,ILI,2,1.0,0.82046891408583,-3.33233131466636,4.97326914283802,12
2022-07-16,ILI,1,1.14285714285714,0.797870239714307,-3.29334942475132,4.88908990417993,12
2022-07-17,ILI,1,1.14285714285714,0.776344084847323,-3.25554922763447,4.80823739732912,12
2022-07-18,ILI,0,1.0,0.7558431677879,-3.21891641584907,4.73060275142486,12
2022-07-19,ILI,0,0.857142857142857,0.73632260825764,-3.18343679550734,4.65608201202262,12
2022-07-20,ILI,0,0.571428571428571,0.717739819827509,-3.14909631061601,4.58457595027103,12
2022-07-21,ILI,1,0.714285714285714,0.700054406992691,-3.11588106622417,4.51598988020955,12
2022-07-22,ILI,0,0.428571428571429,0.683228066780933,-3.08377735043864,4.45023348400051,12
2022-07-23,ILI,0,0.285714285714286,0.667224494779761,-3.05277165534116,4.38722064490068,12
2022-07-24,ILI,1,0.285714285714286,0.652009295465058,-3.02285069684132,4.32686928777143,12
2022-07-25,ILI,0,0.285714285714286,0.637549896711502,-2.99400143349904,4.26910122692204,12
2022-07-26,ILI,0,0.285714285714286,0.623815468364248,-2.96621108434995,4.21384202107845,12
2022-07-27,ILI,1,0.428571428571429,0.61077684475088,-2.93946714576698,4.16102083526874,12
2022-07-28,ILI,0,0.285714285714286,0.598406451012992,-2.91375740739112,4.1105703094171,12
2022-07-29,ILI,1,0.428571428571429,0.586678233137723,-2.88906996716462,4.06242643344006,12
2022-07-30,ILI,0,0.428571428571429,0.575567591571063,-2.86539324549911,4.01652842864124,12
2022-07-31,ILI,2,0.571428571428571,0.56505131829668,-2.84271599861156,3.97281863520492,12
2022-08-01,ILI,0,0.571428571428571,0.555107537266479,-2.82102733106026,3.93124240559322,12
2022-08-02,ILI,0,0.571428571428571,0.545715648071818,-2.80031670751319,3.89174800365682,12
2022-08-03,ILI,1,0.571428571428571,0.536856272747417,-2.78057396378036,3.8542865092752,12
2022-08-04,ILI,1,0.714285714285714,0.528511205603359,-2.76178931714169,3.8188117283484,12
2022-08-05,ILI,0,0.571428571428571,0.520663365984178,-2.74395337600105,3.7852801079694,12
2022-08-06,ILI,1,0.714285714285714,0.513296753857874,-2.72705714889713,3.75365065661287,12
2022-08-07,ILI,0,0.428571428571429,0.506396408141634,-2.71109205290042,3.72388486918369,12
2022-08-08,ILI,0,0.428571428571429,0.499948367675209,-2.69604992142546,3.69594665677588,12
2022-08-09,ILI,0,0.428571428571429,0.493939634757132,-2.68192301148621,3.66980228100048,12
2022-08-10,ILI,0,0.285714285714286,0.488358141163335,-2.66870401042192,3.64542029274859,12
2022-08-11,ILI,1,0.285714285714286,0.483192716572131,-2.6563860421194,3.62277147526366,12
2022-08-12,ILI,0,0.285714285714286,0.478433059324075,-2.644962672757,3.60182879140515,12
2022-08-13,ILI,1,0.285714285714286,0.47406970944973,-2.63442791609401,3.58256733499347,12
2022-08-14,ILI,0,0.285714285714286,0.470094023902998,-2.62477623832832,3.56496428613431,12
2022-08-15,ILI,0,0.285714285714286,0.46649815394229,-2.6160025625437,3.54899887042828,12
2022-08-16,ILI,0,0.285714285714286,0.463275024606462,-2.60810227276674,3.53465232197966,12
2022-08-17,ILI,0,0.285714285714286,0.460418316237136,-2.60107121765204,3.52190785012632,12
2022-08-18,ILI,0,0.142857142857143,0.457922448003682,-2.59490571381302,3.51075060982038,12
2022-08-19,ILI,0,0.142857142857143,0.455782563391875,-2.58960254881367,3.50116767559742,12
2022-08-20,ILI,0,0.0,0.453994517621907,-2.58515898383569,3.4931480190795,12
2022-08-21,ILI,0,0.0,0.452554866966184,-2.58157275603327,3.48668248996564,12
2022-08-22,ILI,0,0.0,0.45146085994205,-2.57884208058649,3.48176380047059,12
2022-08-23,ILI,0,0.0,0.450710430359303,-2.57696565246242,3.47838651318102,12
2022-08-24,ILI,1,0.142857142857143,0.450302192207121,-2.57594264789155,3.47654703230579,12
2022-08-25,ILI,0,0.142857142857143,0.450235436369806,-2.57577272556527,3.47624359830488,12
2022-08-26,ILI,0,0.142857142857143,0.450510129165454,-2.57645602755834,3.47747628588925,12
2022-08-27,ILI,0,0.142857142857143,0.451126912706542,-2.57799317997883,3.48024700539192,12
2022-08-28,ILI,0,0.142857142857143,0.452087107086172,-2.58038529334588,3.48455950751822,12
2022-08-29,ILI,0,0.142857142857143,0.453392714398599,-2.58363396269415,3.49041939149135,12
2022-08-30,ILI,0,0.142857142857143,0.455046424607537,-2.58774126740191,3.49783411661699,12
2022-08-31,ILI,0,0.0,0.457051623280634,-2.59270977073797,3.50681301729924,12
2022-09-01,ILI,0,0.0,0.459412401213485,-2.59854251912093,3.51736732154789,12
2022-09-02,ILI,0,0.0,0.462133565971526,-2.60524304108239,3.52951017302545,12
2022-09-03,ILI,0,0.0,0.465220655383226,-2.61281534592425,3.5432566566907,12
2022-09-04,ILI,0,0.0,0.468679953023042,-2.62126392205803,3.55862382810412,12
2022-09-05,ILI,0,0.0,0.472518505727785,-2.63059373501304,3.57563074646861,12
2022-09-06,ILI,0,0.0,0.476744143195246,-2.64081022509811,3.59429851148861,12
2022-09-07,ILI,0,0.0,0.481365499719176,-2.65191930470008,3.61465030413843,12
2022-09-08,ILI,0,0.0,0.486392038120036,-2.66392735520076,3.63671143144083,12
2022-09-09,ILI,0,0.0,0.491834075936314,-2.67684122349229,3.66050937536491,12
2022-09-10,ILI,0,0.0,0.497702813946653,-2.69066821806955,3.68607384596285,12
2022-09-11,ILI,0,0.0,0.504010367098491,-2.70541610467657,3.71343683887355,12
2022-09-12,ILI,2,0.285714285714286,0.510769797924459,-2.72109310148268,3.74263269733159,12
2022-09-13,ILI,0,0.285714285714286,0.517995152533421,-2.73770787376256,3.77369817882941,12
2022-09-14,ILI,0,0.285714285714286,0.525701499268556,-2.75526952805346,3.80667252659057,12
2022-09-15,ILI,0,0.285714285714286,0.533904970130655,-2.773787605761,3.84159754602231,12
2022-09-16,ILI,0,0.285714285714286,0.542622805070368,-2.7932720761846,3.87851768632534,12
2022-09-17,ILI,0,0.285714285714286,0.551873399258895,-2.8137333289318,3.91748012744959,12
2022-09-18,ILI,0,0.285714285714286,0.561676353452208,-2.83518216569016,3.95853487259458,12
2022-09-19,ILI,0,0.0,0.572052527569591,-2.85762979132446,4.00173484646365,12
2022-09-20,ILI,0,0.0,0.583024097612789,-2.88108780426586,4.04713599949144,12
2022-09-21,ILI,0,0.0,0.594614616057639,-2.9055681861592,4.09479741827448,12
2022-09-22,ILI,0,0.0,0.606849075855389,-2.93108329073375,4.14478144244453,12
2022-09-23,ILI,0,0.0,0.619753978186178,-2.95764583186211,4.19715378823447,12
2022-09-24,ILI,0,0.0,0.63335740411226,-2.98526887077148,4.251983678996,12
2022-09-25,ILI,1,0.142857142857143,0.647689090283355,-3.0139658023709,4.30934398293761,12
2022-09-26,ILI,0,0.142857142857143,0.662780508851153,-3.04375034065767,4.36931135835998,12
2022-09-27,ILI,0,0.142857142857143,0.678664951754216,-3.07463650316571,4.43196640667414,12
2022-09-28,ILI,0,0.142857142857143,0.695377619538435,-3.10663859441802,4.49739383349489,12
2022-09-29,ILI,0,0.142857142857143,0.712955714881661,-3.13977118834527,4.56568261810859,12
2022-09-30,ILI,1,0.285714285714286,0.731438540993985,-3.17404910963159,4.63692619161956,12
2022-10-01,ILI,0,0.485714285714286,2.24858807868098,-7.72159979228742,12.2187759496494,28
2022-10-02,ILI,0,0.30952380952381,2.30973626743708,-7.81076113169649,12.4302336665707,28
2022-10-03,ILI,2,0.571428571428571,2.37398782846254,-7.90292854915747,12.6509042060825,28
2022-10-04,ILI,0,0.571428571428571,2.44148887978057,-7.99815375834283,12.881131517904,28
2022-10-05,ILI,1,0.714285714285714,2.51239354051296,-8.09649000512573,13.1212770861516,28
2022-10-06,ILI,3,1.0,2.58686432417943,-8.1979920935405,13.3717207418994,28
2022-10-07,ILI,2,1.14285714285714,2.66507255025382,-8.30271641371652,13.6328615142242,28
2022-10-08,ILI,0,1.14285714285714,2.74719877447206,-8.41072097184809,13.9051185207922,28
2022-10-09,ILI,1,1.28571428571429,2.83343323836805,-8.52206542224865,14.1889318989847,28
2022-10-10,ILI,0,1.0,2.92397633849005,-8.63681110152128,14.4847637785014,28
2022-10-11,ILI,0,1.0,3.01903911572069,-8.75502106485711,14.7930992962985,28
2022-10-12,ILI,0,0.857142857142857,3.11884376508838,-8.8767601244508,15.1144476546276,28
2022-10-13,ILI,0,0.428571428571429,3.22362416641587,-9.00209488999606,15.4493432228278,28
2022-10-14,ILI,1,0.285714285714286,3.33362643610231,-9.1310938111948,15.7983466833994,28
2022-10-15,ILI,2,0.571428571428571,3.44910950027789,-9.26382722218089,16.1620462227367,28
2022-10-16,ILI,3,0.857142857142857,3.57034568950425,-9.400367387724,16.5410587667325,28
2022-10-17,ILI,1,1.0,3.69762135511867,-9.54078855103971,16.9360312612771,28
2022-10-18,ILI,3,1.42857142857143,3.83123750723501,-9.68516698299037,17.3476419974604,28
2022-10-19,ILI,1,1.57142857142857,3.97151047431828,-9.83358103241681,17.7766019810534,28
2022-10-20,ILI,1,1.71428571428571,4.11877258414231,-9.98611117729355,18.2236563455782,28
2022-10-21,ILI,0,1.57142857142857,4.2733728658203,-10.1428400763516,18.6895858079922,28
2022-10-22,ILI,1,1.42857142857143,4.435677772465,-10.3038526207617,19.1752081656917,28
2022-10-23,ILI,2,1.28571428571429,4.6060719238885,-10.4692359854202,19.6813798331972,28
2022-10-24,ILI,4,1.71428571428571,4.78495886858998,-10.6390796793257,20.2089974165057,28
2022-10-25,ILI,2,1.57142857142857,4.9727618641027,-10.8134755944844,20.7589993226898,28
2022-10-26,ILI,3,1.85714285714286,5.1699246745779,-10.9925180527292,21.3323674018851,28
2022-10-27,ILI,3,2.14285714285714,5.37691238427267,-11.1763038497894,21.9301286183348,28
2022-10-28,ILI,1,2.28571428571429,5.59421222538032,-11.3649322958973,22.5533567466579,28
2022-10-29,ILI,1,2.28571428571429,5.82233441839485,-11.5585052521772,23.2031740889669,28
2022-10-30,ILI,3,2.42857142857143,6.06181302293433,-11.7571271620183,23.8807532078869,28
2022-10-31,ILI,2,2.14285714285714,6.31320679666256,-11.9609050765979,24.587318669923,28
2022-11-01,ILI,0,1.85714285714286,6.57710005964108,-12.1699486736889,25.3241487929711,28
2022-11-02,ILI,4,2.0,6.85410356111756,-12.3843702688606,26.0925773910957,28
2022-11-03,ILI,3,2.0,7.14485534540735,-12.6042848181619,26.8939955089766,28
2022-11-04,ILI,4,2.42857142857143,7.45002161315699,-12.829809911362,27.729853137676,28
2022-11-05,ILI,3,2.71428571428571,7.77029757388733,-13.0610657548187,28.6016609025933,28
2022-11-06,ILI,4,2.85714285714286,8.10640828530359,-13.2981751430431,29.5109917136503,28
2022-11-07,ILI,8,3.71428571428571,8.45910947442766,-13.54126341804,30.4594823668953,28
2022-11-08,ILI,5,4.42857142857143,8.82918833515744,-13.7904584155151,31.44883508583,28
2022-11-09,ILI,1,4.0,9.21746429638688,-14.045890397063,32.4808189898368,28
2022-11-10,ILI,3,4.0,9.62478975433387,-14.3076919674783,33.557271476146,28
2022-11-11,ILI,5,4.14285714285714,10.0520507622178,-14.575997976363,34.6800995007987,28
2022-11-12,ILI,5,4.42857142857143,10.5001676699113,-14.8509454032466,35.8512807430692,28
2022-11-13,ILI,11,5.42857142857143,10.9700957056591,-15.1326732254732,37.0728646367915,28
2022-11-14,ILI,5,5.0,11.4628254914181,-15.4213222681631,38.3469732509993,28
2022-11-15,ILI,12,6.0,11.9793834828233,-15.7170350356012,39.6758020012479,28
2022-11-16,ILI,13,7.71428571428571,12.5208323242376,-16.0199555234603,41.0616201719355,28
2022-11-17,ILI,12,9.0,13.0882711087897,-16.33022901132,42.5067712288993,28
2022-11-18,ILI,11,9.85714285714286,13.6828355327642,-16.6480018349958,44.0136729005241,28
2022-11-19,ILI,10,10.5714285714286,14.3056979331687,-16.9734211382467,45.5848170045842,28
2022-11-20,ILI,17,11.4285714285714,14.9580671967873,-17.3066346034835,47.2227689970582,28
2022-11-21,ILI,13,12.5714285714286,15.6411885285273,-17.6477901611496,48.9301672182043,28
2022-11-22,ILI,16,13.1428571428571,16.3563430663988,-17.9970356774965,50.709721810294,28
2022-11-23,ILI,16,13.5714285714286,17.1048473300264,-18.3545186205242,52.564213280577,28
2022-11-24,ILI,18,14.4285714285714,17.8880524892013,-18.7203857038968,54.4964906822994,28
2022-11-25,ILI,17,15.2857142857143,18.7073434386329,-19.0947825086911,56.5094693859569,28
2022-11-26,ILI,16,16.1428571428571,19.5641376647764,-19.4778530828698,58.6061284124225,28
2022-11-27,ILI,16,16.0,20.4598838903916,-19.8697395184121,60.7895072991953,28
2022-11-28,ILI,36,19.2857142857143,21.3960604823448,-20.2705815060674,63.062702470757,28
2022-11-29,ILI,25,20.5714285714286,22.3741736081108,-20.6805158677325,65.4288630839541,28
2022-11-30,ILI,26,22.0,23.3957551264726,-21.0996760664873,67.8911863194326,28
2022-12-01,ILI,34,24.2857142857143,24.4623601980587,-21.5281916943583,70.4529120904756,28
2022-12-02,ILI,29,26.0,25.5755646016283,-21.9661879379123,73.117317141169,28
2022-12-03,ILI,53,31.2857142857143,26.7369617424008,-22.4137850218263,75.8877085066279,28
2022-12-04,ILI,45,35.4285714285714,27.9481593392562,-22.8710976306148,78.7674163091272,28
2022-12-05,ILI,37,35.5714285714286,29.2107757783144,-23.3382343087478,81.7597858653766,28
2022-12-06,ILI,45,38.4285714285714,30.526436121232,-23.8152968394426,84.8681690819066,28
2022-12-07,ILI,56,42.7142857142857,31.8967677575633,-24.3023796024711,88.0959151175977,28
2022-12-08,ILI,57,46.0,33.3233956917129,-24.7995689113958,91.4463602948215,28
2022-12-09,ILI,43,48.0,34.8079374563692,-25.30694233072,94.9228172434583,28
2022-12-10,ILI,47,47.1428571428571,36.3519976458734,-25.8245679735293,98.5285632652761,28
2022-12-11,ILI,73,51.1428571428571,37.9571620647286,-26.352503780299,102.266827909756,28
2022-12-12,ILI,57,54.0,39.6249914884183,-26.8907967796516,106.140779756488,28
2022-12-13,ILI,65,56.8571428571429,41.3570150358683,-27.4394823319748,110.153512403711,28
2022-12-14,ILI,68,58.5714285714286,43.1547231552612,-27.9985833569479,114.30802966747,28
2022-12-15,ILI,76,61.2857142857143,45.0195602274955,-28.5681095461742,118.607230001165,28
2022-12-16,ILI,62,64.0,46.9529167943684,-29.1480565622858,123.053890151023,28
2022-12-17,ILI,59,65.7142857142857,48.9561214215499,-29.7384052260654,127.650648069165,28
2022-12-18,ILI,56,63.2857142857143,51.030432209596,-30.3391206933248,132.399985112517,28
2022-12-19,ILI,52,62.5714285714286,53.1770279696157,-30.9501516234905,137.304207562722,28
2022-12-20,ILI,71,63.4285714285714,55.3969990837338,-31.5714293420669,142.365427509535,28
2022-12-21,ILI,67,63.2857142857143,57.6913380741884,-32.2028669993831,147.58554314776,28
2022-12-22,ILI,82,64.1428571428571,60.0609299087184,-32.8443587282782,152.966218545715,28
2022-12-23,ILI,62,64.1428571428571,62.5065420738332,-33.4957788036347,158.508862951301,28
2022-12-24,ILI,32,60.2857142857143,65.0288144515863,-34.156980806938,164.214609710111,28
2022-12-25,ILI,52,59.7142857142857,67.6282490395475,-34.8277967993135,170.084294878408,28
2022-12-26,ILI,48,59.1428571428571,70.305199557788,-35.5080365067714,176.118435622347,28
2022-12-27,ILI,54,56.7142857142857,73.059860990786,-36.1974865216705,182.317208503243,28
2022-12-28,ILI,37,52.4285714285714,75.8922591162221,-36.8959095246968,188.680427757141,28
2022-12-29,ILI,39,46.2857142857143,78.8022400765988,-37.603043531928,195.207523685126,28
2022-12-30,ILI,26,41.1428571428571,81.7894600534586,-38.318601171833,201.89752127875,28
2022-12-31,ILI,17,39.0,84.8533751076386,-39.0422689973161,208.749019212593,28
2023-01-01,ILI,10,31.0,43.2332116072313,-21.2548470741712,107.721270288634,22
2023-01-02,ILI,12,26.1428571428571,44.8127325092134,-21.4398461268523,111.065311145279,22
2023-01-03,ILI,11,20.2857142857143,46.4284958759172,-21.6200215473572,114.477013299192,22
2023-01-04,ILI,17,17.8571428571429,48.0797940559333,-21.7951978515041,117.954785963371,22
2023-01-05,ILI,15,14.7142857142857,49.7657985396145,-21.9652106249922,121.496807704221,22
2023-01-06,ILI,15,13.8571428571429,51.4855561951494,-22.1299073858882,125.101019776187,22
2023-01-07,ILI,7,12.4285714285714,53.23798584243,-22.2891484144547,128.765120099315,22
2023-01-08,ILI,7,12.0,55.0218752042442,-22.4428075438605,132.486557952349,22
2023-01-09,ILI,14,12.2857142857143,56.8358782742542,-22.5907729053053,136.262529453814,22
2023-01-10,ILI,12,12.4285714285714,58.6785131408155,-22.7329476211389,140.08997390277,22
2023-01-11,ILI,2,10.2857142857143,60.5481603049608,-22.8692504396605,143.965571049582,22
2023-01-12,ILI,4,8.71428571428571,62.4430615297701,-22.999616305441,147.885739364981,22
2023-01-13,ILI,7,7.57142857142857,64.3613192568805,-23.1239968592297,151.846635372991,22
2023-01-14,ILI,6,7.42857142857143,66.3008966240448,-23.2423608617875,155.844154109877,22
2023-01-15,ILI,5,7.14285714285714,68.2596181154085,-23.3546945363188,159.873930767136,22
2023-01-16,ILI,2,5.42857142857143,70.2351708735563,-23.4610018245756,163.931343571688,22
2023-01-17,ILI,5,4.42857142857143,72.2251066993606,-23.5613045521565,168.011517950878,22
2023-01-18,ILI,2,4.42857142857143,74.226844762278,-23.655642499032,172.109332023588,22
2023-01-19,ILI,2,4.14285714285714,76.2376750399699,-23.7440733718917,176.219423451832,22
2023-01-20,ILI,3,3.57142857142857,78.2547625020089,-23.8266726755188,180.336197679537,22
2023-01-21,ILI,4,3.28571428571429,80.2751520479655,-23.9035334810585,184.45383757699,22
2023-01-22,ILI,1,2.71428571428571,82.2957742054163,-23.9747660897483,188.566314500581,22
2023-01-23,ILI,3,2.85714285714286,84.3134515883491,-24.0404975914142,192.667400768112,22
2023-01-24,ILI,4,2.71428571428571,86.3249061111539,-24.1008713178109,196.750683540119,22
2023-01-25,ILI,3,2.85714285714286,88.3267669478795,-24.1560461916772,200.809580087436,22
2023-01-26,ILI,1,2.71428571428571,90.3155792207579,-24.2061959731921,204.837354414708,22
2023-01-27,ILI,4,2.85714285714286,92.2878133962183,-24.2515084063445,208.827135198781,22
2023-01-28,ILI,2,2.57142857142857,94.239875360743,-24.292184268558,212.771934990044,22
2023-01-29,ILI,7,3.42857142857143,96.168117143048,-24.3284363277388,216.664670613835,22
2023-01-30,ILI,,,98.0688482432448,-24.3604882117297,220.498184698219,22
2023-01-31,ILI,,,99.9383475238977,-24.3885731959449,224.26526824374,22
2023-02-01,ILI,,,101.772875612329,-24.4129329157301,227.958684140387,22
2023-02-02,ILI,,,103.568687758167,-24.4338160107181,231.571191527052,22
2023-02-03,ILI,,,105.322047085071,-24.4514767091367,235.095570879279,22
2023-02-04,ILI,,,107.029238170812,-24.4661733606587,238.524649702283,22
2023-02-05,ILI,,,108.686580885589,-24.4781669269542,241.851328698131,22
2023-02-06,ILI,,,110.290444414555,-24.4877194396152,245.068608268725,22
2023-02-07,ILI,,,111.837261387162,-24.4950924355507,248.169615209876,22
2023-02-08,ILI,,,113.323542033105,-24.5005453803094,251.14762944652,22
2023-02-09,ILI,,,114.745888282436,-24.5043340900524,253.996110654925,22
2023-02-10,ILI,,,116.10100772582,-24.5067091630827,256.708724614722,22
2023-02-11,ILI,,,117.385727349974,-24.5079144319277,259.279369131876,22
2023-02-12,ILI,,,118.59700696314,-24.5081854469641,261.702199373243,22
2023-02-13,ILI,,,119.731952225863,-24.5077480024794,263.971652454205,22
2023-02-14,ILI,,,120.787827203624,-24.5068167158614,266.082471123109,22
2023-02-15,ILI,,,121.762066359752,-24.5055936703214,268.029726389826,22
2023-02-16,ILI,,,122.652285909718,-24.5042671311665,269.808838950602,22
2023-02-17,ILI,,,123.456294461264,-24.5030103451603,271.415599267688,22
2023-02-18,ILI,,,124.172102868878,-24.5019804319472,272.846186169704,22
2023-02-19,ILI,,,124.797933235807,-24.501317375865,274.097183847478,22
2023-02-20,ILI,,,125.332227002134,-24.5011431257457,275.165597130013,22
2023-02-21,ILI,,,125.773652063348,-24.501560809509,276.048864936205,22
2023-02-22,ILI,,,126.121108870236,-24.5026540694876,276.744871809959,22
2023-02-23,ILI,,,126.373735467832,-24.5044865235133,277.251957459177,22
2023-02-24,ILI,,,126.530911438435,-24.5071013558232,277.568924232693,22
2023-02-25,ILI,,,126.592260721332,-24.510521040848,277.695042483511,22
2023-02-26,ILI,,,126.557653289748,-24.5147472019132,277.63005378141,22
2023-02-27,ILI,,,126.427205673615,-24.5197606058356,277.374171953066,22
2023-02-28,ILI,,,126.201280324914,-24.5255212933425,276.928081943171,22
2023-03-01,ILI,,,125.880483830575,-24.5319688441858,276.292936505337,22
2023-03-02,ILI,,,125.465663986041,-24.5390227747837,275.470350746866,22
2023-03-03,ILI,,,124.957905750649,-24.5465830652005,274.462394566499,22
2023-03-04,ILI,,,124.358526113768,-24.5545308112903,273.271583038826,22
2023-03-05,ILI,,,123.669067908193,-24.5627289968841,271.90086481327,22
2023-03-06,ILI,,,122.891292614444,-24.571023380002,270.35360860889,22
2023-03-07,ILI,,,122.027172206375,-24.5792434862395,268.63358789899,22
2023-03-08,ILI,,,121.078880094796,-24.5872037017017,266.744963891293,22
2023-03-09,ILI,,,120.0487812315,-24.5947044571632,264.692266920163,22
2023-03-10,ILI,,,118.939421441283,-24.6015334945112,262.480376377077,22
2023-03-11,ILI,,,117.753516054015,-24.6074672059928,260.114499314022,22
2023-03-12,ILI,,,116.493937912707,-24.6122720363409,257.600147861755,22
2023-03-13,ILI,,,115.163704836684,-24.6157059374924,254.94311561086,22
2023-03-14,ILI,,,113.765966621395,-24.6175198653503,252.14945310814,22
2023-03-15,ILI,,,112.303991658177,-24.6174593078677,249.225442624222,22
2023-03-16,ILI,,,110.781153258279,-24.6152658336564,246.177572350214,22
2023-03-17,ILI,,,109.200915765749,-24.6106786503358,243.012510181834,22
2023-03-18,ILI,,,107.566820543418,-24.6034361619454,239.737077248781,22
2023-03-19,ILI,,,105.882471915104,-24.593277514937,236.358221345146,22
2023-03-20,ILI,,,104.151523145444,-24.5799441225429,232.882990413432,22
2023-03-21,ILI,,,102.377662536395,-24.5631811576723,229.318506230463,22
2023-03-22,ILI,,,100.564599716529,-24.5427390049229,225.671938437981,22
2023-03-23,ILI,,,98.7160521957697,-24.5183746627943,221.950479054334,22
2023-03-24,ILI,,,96.8357322542542,-24.4898530877569,218.161317596265,22
2023-03-25,ILI,,,94.9273342296429,-24.4569484724449,214.311616931731,22
2023-03-26,ILI,,,92.9945222624019,-24.4194454509152,210.408489975719,22
2023-03-27,ILI,,,91.040918553533,-24.3771402246178,206.458977331684,22
2023-03-28,ILI,,,89.0700921838486,-24.3298416034679,202.470025971165,22
2023-03-29,ILI,,,87.0855485383668,-24.2773719571764,198.44846903391,22
2023-03-30,ILI,,,85.0907193737047,-24.2195680727787,194.401006820188,22
2023-03-31,ILI,,,83.0889535605689,-24.1562819150976,190.334189036235,22
2022-04-01,ARI,170,165.142857142857,245.102422857085,120.090253218226,370.114592495944,26
2022-04-02,ARI,117,159.142857142857,244.301455759846,119.49510638291,369.107805136783,26
2022-04-03,ARI,125,155.714285714286,243.494777919063,118.896062293982,368.093493544144,26
2022-04-04,ARI,183,155.571428571429,242.682726330512,118.293379639272,367.072073021752,26
2022-04-05,ARI,152,154.428571428571,241.865637151158,117.687316040346,366.043958261969,26
2022-04-06,ARI,189,158.0,241.043845514192,117.078127903407,365.009563124976,26
2022-04-07,ARI,187,160.428571428571,240.217685348694,116.466070274408,363.96930042298,26
2022-04-08,ARI,168,160.142857142857,239.387489204048,115.851396698489,362.923581709606,26
2022-04-09,ARI,150,164.857142857143,238.553588079218,115.234359083832,361.872817074604,26
2022-04-10,ARI,166,170.714285714286,237.716311257001,114.615207569998,360.817414944003,26
2022-04-11,ARI,188,171.428571428571,236.87598614333,113.994190400839,359.757781885821,26
2022-04-12,ARI,175,174.714285714286,236.032938111733,113.371553802034,358.694322421432,26
2022-04-13,ARI,195,175.571428571429,235.187490353004,112.747541863315,357.627438842692,26
2022-04-14,ARI,159,171.571428571429,234.339963730162,112.122396425422,356.557531034902,26
2022-04-15,ARI,166,171.285714285714,233.490676638751,111.496356971825,355.484996305677,26
2022-04-16,ARI,142,170.142857142857,232.639944872518,110.869660525251,354.410229219786,26
2022-04-17,ARI,150,167.857142857143,231.788081494524,110.242541549028,353.333621440019,26
2022-04-18,ARI,151,162.571428571429,230.935396713692,109.61523185327,352.255561574113,26
2022-04-19,ARI,187,164.285714285714,230.082197766836,108.987960505895,351.176435027777,26
2022-04-20,ARI,164,159.857142857143,229.22878880616,108.360953748489,350.096623863831,26
2022-04-21,ARI,170,161.428571428571,228.375470792237,107.734434916996,349.016506667479,26
2022-04-22,ARI,152,159.428571428571,227.522541392473,107.108624367226,347.93645841772,26
2022-04-23,ARI,128,157.428571428571,226.670294885015,106.483739405154,346.856850364877,26
2022-04-24,ARI,132,154.857142857143,225.819022068112,105.859994221972,345.778049914252,26
2022-04-25,ARI,143,153.714285714286,224.969010174873,105.237599833879,344.700420515867,26
2022-04-26,ARI,154,149.0,224.120542793405,104.616764026541,343.62432156027,26
2022-04-27,ARI,124,143.285714285714,223.273899792273,103.997691304187,342.55010828036,26
2022-04-28,ARI,116,135.571428571429,222.429357251242,103.380582843292,341.478131659191,26
2022-04-29,ARI,127,132.0,221.587187397238,102.765636450769,340.408738343707,26
2022-04-30,ARI,112,129.714285714286,220.74765854547,102.153046526616,339.342270564323,26
2022-05-01,ARI,104,125.714285714286,219.911035045637,101.543004030957,338.279066060317,26
2022-05-02,ARI,170,129.571428571429,219.077577233158,100.935696455376,337.219458010941,26
2022-05-03,ARI,132,126.428571428571,218.247541385332,100.331307798499,336.163774972165,26
2022-05-04,ARI,130,127.285714285714,217.421179682352,99.7300185457095,335.112340818994,26
2022-05-05,ARI,133,129.714285714286,216.598740173083,99.1320056529309,334.065474693236,26
2022-05-06,ARI,120,128.714285714286,215.780466745513,98.5374425343768,333.023490956649,26
2022-05-07,ARI,116,129.285714285714,214.966599101764,97.9464990541771,331.986699149352,26
2022-05-08,ARI,120,131.571428571429,214.157372737594,97.3593415217836,330.955403953405,26
2022-05-09,ARI,181,133.142857142857,213.353018926244,96.7761326910525,329.929905161436,26
2022-05-10,ARI,139,134.142857142857,212.553764706559,96.1970317629066,328.910497650212,26
2022-05-11,ARI,106,130.714285714286,211.759832875249,95.6221943914663,327.897471359031,26
2022-05-12,ARI,138,131.428571428571,210.971441983184,95.0517726935502,326.891111272817,26
2022-05-13,ARI,123,131.857142857143,210.188806335611,94.4859152614288,325.891697409794,26
2022-05-14,ARI,113,131.428571428571,209.412135996167,93.9247671787284,324.899504813606,26
2022-05-15,ARI,130,132.857142857143,208.641636794569,93.3684700393694,323.914803549768,26
2022-05-16,ARI,135,126.285714285714,207.877510337868,92.8171619694296,322.937858706306,26
2022-05-17,ARI,125,124.285714285714,207.119954025133,92.2709776518172,321.968930398448,26
2022-05-18,ARI,119,126.142857142857,206.369161065448,91.7300483536414,321.008273777255,26
2022-05-19,ARI,121,123.714285714286,205.625320499093,91.1945019561643,320.056139042021,26
2022-05-20,ARI,142,126.428571428571,204.888617221781,90.6644629872213,319.112771456341,26
2022-05-21,ARI,144,130.857142857143,204.159232011838,90.1400526559964,318.17841136768,26
2022-05-22,ARI,112,128.285714285714,203.437341560176,89.6213888900334,317.253294230319,26
2022-05-23,ARI,132,127.857142857143,202.723118502957,89.1085863743744,316.337650631539,26
2022-05-24,ARI,115,126.428571428571,202.016731456802,88.6017565927085,315.431706320895,26
2022-05-25,ARI,148,130.571428571429,201.318345056435,88.1010078704188,314.535682242451,26
2022-05-26,ARI,114,129.571428571429,200.628119994619,87.6064454194148,313.649794569823,26
2022-05-27,ARI,121,126.571428571429,199.946213064276,87.11817138464,312.774254743913,26
2022-05-28,ARI,108,121.428571428571,199.272777202654,86.6362848921429,311.909269513165,26
2022-05-29,ARI,115,121.857142857143,198.60796153742,86.1608820986036,311.055040976236,26
2022-05-30,ARI,150,124.428571428571,197.951911434569,85.6920562422083,310.21176662693,26
2022-05-31,ARI,109,123.571428571429,197.304768548007,85.2298976947639,309.37963940125,26
2022-06-01,ARI,133,121.428571428571,196.666670870706,84.7744940149496,308.558847726462,26
2022-06-02,ARI,135,124.428571428571,196.037752787302,84.3259300026003,307.749575572004,26
2022-06-03,ARI,127,125.285714285714,195.41814512803,83.8842877539237,306.952002502136,26
2022-06-04,ARI,126,127.857142857143,194.807975223867,83.4496467175469,306.166303730187,26
2022-06-05,ARI,139,131.285714285714,194.207366962784,83.0220837512987,305.392650174269,26
2022-06-06,ARI,150,131.285714285714,193.616440846986,82.6016731796284,304.631208514343,26
2022-06-07,ARI,162,138.857142857143,193.035314051035,82.1884868515708,303.8821412505,26
2022-06-08,ARI,129,138.285714285714,192.464100480752,81.782594199161,303.145606762344,26
2022-06-09,ARI,140,139.0,191.90291083278,81.3840622962139,302.421759369347,26
2022-06-10,ARI,122,138.285714285714,191.351852654723,80.9929559173762,301.71074939207,26
2022-06-11,ARI,155,142.428571428571,190.811030405745,80.6093375973696,301.012723214121,26
2022-06-12,ARI,120,139.714285714286,190.280545517541,80.2332676903382,300.327823344743,26
2022-06-13,ARI,144,138.857142857143,189.760496455573,79.8648044292218,299.656188481925,26
2022-06-14,ARI,153,137.571428571429,189.250978780493,79.5040039850737,298.997953575912,26
2022-06-15,ARI,150,140.571428571429,188.752085209635,79.1509205262474,298.353249893023,26
2022-06-16,ARI,156,142.857142857143,188.263905678524,78.8056062773799,297.722205079668,26
2022-06-17,ARI,147,146.428571428571,187.786527402275,78.468111578093,297.104943226456,26
2022-06-18,ARI,121,141.571428571429,187.320034936825,78.1384849413507,296.5015849323,26
2022-06-19,ARI,139,144.285714285714,186.864510239911,77.8167731113977,295.912247368424,26
2022-06-20,ARI,140,143.714285714286,186.420032731697,77.5030211212185,295.337044342176,26
2022-06-21,ARI,159,144.571428571429,185.986679355001,77.1972723494496,294.776086360552,26
2022-06-22,ARI,138,142.857142857143,185.564524635016,76.8995685766866,294.229480693345,26
2022-06-23,ARI,136,140.0,185.15364073848,76.6099500411251,293.697331435836,26
2022-06-24,ARI,140,139.0,184.754097532205,76.3284554934784,293.179739570932,26
2022-06-25,ARI,153,143.571428571429,184.365962640902,76.0551222511184,292.676803030685,26
2022-06-26,ARI,123,141.285714285714,183.989301504241,75.7899862513847,292.188616757098,26
2022-06-27,ARI,158,143.857142857143,183.62417743308,75.5330821040128,291.715272762147,26
2022-06-28,ARI,140,141.142857142857,183.270651664792,75.2844431426298,291.256860186955,26
2022-06-29,ARI,153,143.285714285714,182.928783417649,75.0441014752739,290.813465360024,26
2022-06-30,ARI,152,145.571428571429,182.598629944185,74.8120880338899,290.38517185448,26
2022-07-01,ARI,150,147.714285714286,197.695917545943,78.0974841953413,317.294350896544,30
2022-07-02,ARI,132,147.714285714286,197.363431627381,77.8665236816891,316.860339573073,30
2022-07-03,ARI,153,152.690476190476,197.043825268333,77.6445938241109,316.443056712556,30
2022-07-04,ARI,169,153.72619047619,196.737152590173,77.4317229856588,316.042582194687,30
2022-07-05,ARI,153,154.685714285714,196.443465853244,77.2279385239186,315.65899318257,30
2022-07-06,ARI,145,152.242857142857,196.162815506983,77.0332668369682,315.292364176997,30
2022-07-07,ARI,133,148.261904761905,195.895250238575,76.8477334079397,314.942767069211,30
2022-07-08,ARI,147,147.428571428571,195.640817020101,76.6713628481496,314.610271192052,30
2022-07-09,ARI,153,150.428571428571,195.399561154117,76.5041789387668,314.294943369468,30
2022-07-10,ARI,156,150.857142857143,195.171526317649,76.3462046709844,313.996847964314,30
2022-07-11,ARI,165,150.285714285714,194.956754604537,76.1974622846675,313.716046924406,30
2022-07-12,ARI,165,152.0,194.755286566113,76.0579733054495,313.452599826777,30
2022-07-13,ARI,142,151.571428571429,194.567161250168,75.9277585802476,313.206563920089,30
2022-07-14,ARI,172,157.142857142857,194.392416238171,75.8068383111745,312.977994165168,30
2022-07-15,ARI,174,161.0,194.231087680712,75.6952320878206,312.766943273604,30
2022-07-16,ARI,135,158.428571428571,194.083210331142,75.5929589178858,312.573461744398,30
2022-07-17,ARI,126,154.142857142857,193.94881757737,75.5000372561368,312.397597898604,30
2022-07-18,ARI,167,154.428571428571,193.827941471803,75.4164850316706,312.239397911935,30
2022-07-19,ARI,138,150.571428571429,193.720612759388,75.3423196734654,312.098905845311,30
2022-07-20,ARI,173,155.0,193.62686090375,75.2775581342003,311.976163673299,30
2022-07-21,ARI,171,154.857142857143,193.546714111381,75.2222169123252,311.871211310438,30
2022-07-22,ARI,164,153.428571428571,193.480199353882,75.1763120723678,311.784086635397,30
2022-07-23,ARI,146,155.0,193.427342388215,75.1398592634597,311.71482551297,30
2022-07-24,ARI,146,157.857142857143,193.388167774961,75.1128737360676,311.663461813855,30
2022-07-25,ARI,171,158.428571428571,193.362698894569,75.0953703569192,311.630027432219,30
2022-07-26,ARI,169,162.857142857143,193.350957961561,75.0873636221081,311.614552301014,30
2022-07-27,ARI,139,158.0,193.352966036699,75.0888676683688,311.61706440503,30
2022-07-28,ARI,141,153.714285714286,193.36874303709,75.0998962825077,311.637589791673,30
2022-07-29,ARI,162,153.428571428571,193.398307744216,75.1204629089869,311.676152579445,30
2022-07-30,ARI,129,151.0,193.441677809882,75.150580655644,311.73277496412,30
2022-07-31,ARI,132,149.0,193.498869760071,75.1902622975464,311.807477222595,30
2022-08-01,ARI,178,150.0,193.569898996696,75.2395202789693,311.900277714422,30
2022-08-02,ARI,129,144.285714285714,193.654779797241,75.2983667134926,312.01119288099,30
2022-08-03,ARI,139,144.285714285714,193.753525312291,75.3668133822108,312.140237242371,30
2022-08-04,ARI,147,145.142857142857,193.866147560933,75.4448717300514,312.287423391815,30
2022-08-05,ARI,132,140.857142857143,193.992657424044,75.5325528601971,312.452761987891,30
2022-08-06,ARI,119,139.428571428571,194.133064635439,75.6298675266108,312.636261744268,30
2022-08-07,ARI,122,138.0,194.287377770906,75.7368261246587,312.837929417153,30
2022-08-08,ARI,150,134.0,194.455604235097,75.8534386798325,313.057769790362,30
2022-08-09,ARI,117,132.285714285714,194.637750246311,75.9797148345693,313.295785658053,30
2022-08-10,ARI,124,130.142857142857,194.833820819134,76.1156638331684,313.551977805099,30
2022-08-11,ARI,134,128.285714285714,195.043819744974,76.26129450481,313.826344985137,30
2022-08-12,ARI,142,129.714285714286,195.267749570476,76.4166152446737,314.118883896278,30
2022-08-13,ARI,135,132.0,195.50561157383,76.5816339931639,314.429589154496,30
2022-08-14,ARI,133,133.571428571429,195.757405738979,76.7563582132444,314.758453264715,30
2022-08-15,ARI,161,135.142857142857,196.02313072774,76.9407948658874,315.105466589593,30
2022-08-16,ARI,128,136.714285714286,196.302783849842,77.1349503836448,315.470617316039,30
2022-08-17,ARI,131,137.714285714286,196.596361030901,77.3388306423487,315.853891419453,30
2022-08-18,ARI,108,134.0,196.903856778346,77.5524409309486,316.255272625743,30
2022-08-19,ARI,141,133.857142857143,197.225264145302,77.7757859194965,316.674742371106,30
2022-08-20,ARI,129,133.0,197.560574692458,78.008869625292,317.112279759623,30
2022-08-21,ARI,102,128.571428571429,197.909778447937,78.251695377196,317.567861518678,30
2022-08-22,ARI,126,123.571428571429,198.272863865186,78.5042657781319,318.04146195224,30
2022-08-23,ARI,114,121.571428571429,198.649817778905,78.7665826657844,318.533052892025,30
2022-08-24,ARI,142,123.142857142857,199.040625359053,79.0386470715168,319.04260364659,30
2022-08-25,ARI,121,125.0,199.445270062942,79.3204591775205,319.570080948363,30
2022-08-26,ARI,131,123.571428571429,199.863733585453,79.6120182722216,320.115448898684,30
2022-08-27,ARI,104,120.0,200.295995807412,79.9133227039596,320.678668910865,30
2022-08-28,ARI,86,117.714285714286,200.742034742145,80.2243698329666,321.259699651324,30
2022-08-29,ARI,136,119.142857142857,201.201826480253,80.5451559816683,321.858496978837,30
2022-08-30,ARI,115,119.285714285714,201.675345132646,80.8756763833344,322.475013881957,30
2022-08-31,ARI,104,113.857142857143,202.162562771873,81.2159251291066,323.10920041464,30
2022-09-01,ARI,118,113.428571428571,202.663449371786,81.5658951134334,323.761003630138,30
2022-09-02,ARI,123,112.285714285714,203.17797274558,81.9255779779458,324.430367513214,30
2022-09-03,ARI,105,112.428571428571,203.706098482271,82.2949640538065,325.117232910735,30
2022-09-04,ARI,125,118.0,204.247789881633,82.674042302569,325.821537460696,30
2022-09-05,ARI,146,119.428571428571,204.803007887671,83.0628002555852,326.543215519757,30
2022-09-06,ARI,144,123.571428571429,205.37171102067,83.4612239520048,327.282198089335,30
2022-09-07,ARI,108,124.142857142857,205.953855307876,83.8692978754041,328.038412740347,30
2022-09-08,ARI,128,125.571428571429,206.54939421287,84.2870048890946,328.811783536645,30
2022-09-09,ARI,126,126.0,207.158278563705,84.7143261701577,329.602230957251,30
2022-09-10,ARI,111,126.857142857143,207.780456479852,85.1512411422544,330.40967181745,30
2022-09-11,ARI,104,123.857142857143,208.415873298044,85.5977274072652,331.234019188823,30
2022-09-12,ARI,161,126.0,209.064471497066,86.0537606758137,332.075182318318,30
2022-09-13,ARI,144,126.0,209.726190621582,86.5193146967339,332.933066546431,30
2022-09-14,ARI,151,132.142857142857,210.400967205072,86.9943611855396,333.807573224604,30
2022-09-15,ARI,145,134.571428571429,211.088734691944,87.4788697519631,334.698599631925,30
2022-09-16,ARI,128,134.857142857143,211.789423358926,87.9728078266261,335.606038891226,30
2022-09-17,ARI,111,134.857142857143,212.502960235802,88.4761405869137,336.529779884691,30
2022-09-18,ARI,124,137.714285714286,213.229269025598,88.9888308821245,337.469707169072,30
2022-09-19,ARI,169,138.857142857143,213.968270024294,89.5108391579697,338.425700890618,30
2022-09-20,ARI,130,136.857142857143,214.71988004017,90.0421233805025,339.397636699838,30
2022-09-21,ARI,132,134.142857142857,215.48401231288,90.5826389595544,340.385385666205,30
2022-09-22,ARI,147,134.428571428571,216.260576432347,91.1323386717676,341.388814192927,30
2022-09-23,ARI,166,139.857142857143,217.049478257599,91.6911725833055,342.407783931893,30
2022-09-24,ARI,131,142.714285714286,217.850619835638,92.2590879723366,343.442151698939,30
2022-09-25,ARI,157,147.428571428571,218.663899320463,92.8360292513797,344.491769389547,30
2022-09-26,ARI,180,149.0,219.48921089236,93.4219378896107,345.55648389511,30
2022-09-27,ARI,153,152.285714285714,220.32644467757,94.0167523352276,346.636137019913,30
2022-09-28,ARI,159,156.142857142857,221.175486668462,94.6204079379783,347.730565398945,30
2022-09-29,ARI,186,161.714285714286,222.036218644329,95.2328368719539,348.839600416703,30
2022-09-30,ARI,188,164.857142857143,222.90851809294,95.8539680587568,349.963068127124,30
2022-10-01,ARI,191,178.257142857143,233.43015043605,98.6618347923117,368.198466079788,32
2022-10-02,ARI,187,181.928571428571,234.363746153497,99.322800812829,369.404691494165,32
2022-10-03,ARI,193,183.285714285714,235.308996484445,99.9925444008628,370.625448568027,32
2022-10-04,ARI,199,189.142857142857,236.265754937315,100.670977945299,371.86053192933,32
2022-10-05,ARI,192,193.285714285714,237.233870151623,101.358010073781,373.109730229465,32
2022-10-06,ARI,161,188.142857142857,238.21318582379,102.053545577648,374.372826069932,32
2022-10-07,ARI,196,188.428571428571,239.203540634738,102.757485338132,375.649595931343,32
2022-10-08,ARI,181,187.0,240.204768179428,103.469726253942,376.939810104914,32
2022-10-09,ARI,169,184.428571428571,241.216696898499,104.190161170375,378.243232626624,32
2022-10-10,ARI,231,189.857142857143,242.23915001216,104.918678810093,379.559621214227,32
2022-10-11,ARI,188,188.285714285714,243.271945456495,105.655163705707,380.888727207283,32
2022-10-12,ARI,213,191.285714285714,244.314895822355,106.39949613431,382.230295510399,32
2022-10-13,ARI,185,194.714285714286,245.36780829698,107.151552054113,383.584064539847,32
2022-10-14,ARI,217,197.714285714286,246.430484608536,107.911203043309,384.949766173763,32
2022-10-15,ARI,184,198.142857142857,247.50272097372,108.678316241349,386.327125706091,32
2022-10-16,ARI,190,201.142857142857,248.584308048599,109.452754292738,387.71586180446,32
2022-10-17,ARI,222,199.857142857143,249.675030882867,110.23437529354,389.115686472195,32
2022-10-18,ARI,194,200.714285714286,250.774668877663,111.023032740711,390.526305014615,32
2022-10-19,ARI,164,193.714285714286,251.882995747139,111.818575484443,391.947416009836,32
2022-10-20,ARI,180,193.0,252.999779483939,112.62084768364,393.378711284237,32
2022-10-21,ARI,216,192.857142857143,254.124782328748,113.42968876471,394.819875892785,32
2022-10-22,ARI,171,191.0,255.257760744098,114.244933383801,396.270588104394,32
2022-10-23,ARI,173,188.571428571429,256.398465392576,115.066411392644,397.730519392508,32
2022-10-24,ARI,217,187.857142857143,257.546641119614,115.89394780816,399.199334431069,32
2022-10-25,ARI,192,187.571428571429,258.702026941016,116.727362785967,400.676691096066,32
2022-10-26,ARI,174,189.0,259.864356035388,117.566471597954,402.162240472822,32
2022-10-27,ARI,194,191.0,261.033355741626,118.411084614054,403.655626869198,32
2022-10-28,ARI,179,185.714285714286,262.20874756163,119.261007288376,405.156487834883,32
2022-10-29,ARI,184,187.571428571429,263.390247168377,120.116040149827,406.664454186928,32
2022-10-30,ARI,178,188.285714285714,264.577564419531,120.975978797381,408.179150041681,32
2022-10-31,ARI,169,181.428571428571,265.770403376707,121.840613900117,409.700192853296,32
2022-11-01,ARI,185,180.428571428571,266.968462330558,122.709731202178,411.227193458939,32
2022-11-02,ARI,175,180.571428571429,268.171433831812,123.583111532769,412.759756130856,32
2022-11-03,ARI,195,180.714285714286,269.37900472839,124.460530821334,414.297478635445,32
2022-11-04,ARI,186,181.714285714286,270.590856208736,125.34176011803,415.839952299441,32
2022-11-05,ARI,179,181.0,271.806663851493,126.226565619615,417.386762083371,32
2022-11-06,ARI,193,183.142857142857,273.026097681626,127.114708700876,418.937486662375,32
2022-11-07,ARI,210,189.0,274.248822233108,128.005945951694,420.491698514522,32
2022-11-08,ARI,192,190.0,275.474496618286,128.900029219858,422.048964016715,32
2022-11-09,ARI,197,193.142857142857,276.702774604002,129.796705659721,423.608843548283,32
2022-11-10,ARI,181,191.142857142857,277.933304694578,130.695717786794,425.170891602361,32
2022-11-11,ARI,199,193.0,279.165730221738,131.596803538363,426.734656905113,32
2022-11-12,ARI,206,196.857142857143,280.399689441543,132.499696340196,428.29968254289,32
2022-11-13,ARI,180,195.0,281.634815638402,133.404125179432,429.865506097372,32
2022-11-14,ARI,238,199.0,282.870737236215,134.309814683687,431.431659788742,32
2022-11-15,ARI,193,199.142857142857,284.107077916703,135.216485206461,432.997670626945,32
2022-11-16,ARI,228,203.571428571429,285.343456744952,136.123852918867,434.563060571036,32
2022-11-17,ARI,209,207.571428571429,286.579488302197,137.031629907731,436.127346696663,32
2022-11-18,ARI,252,215.142857142857,287.81478282588,137.939524280097,437.690041371662,32
2022-11-19,ARI,227,218.142857142857,289.04894635696,138.847240274139,439.250652439782,32
2022-11-20,ARI,226,224.714285714286,290.281580894506,139.754478376508,440.808683412504,32
2022-11-21,ARI,261,228.0,291.512284557517,140.660935446099,442.363633668935,32
2022-11-22,ARI,255,236.857142857143,292.740651753975,141.566304844233,443.914998663717,32
2022-11-23,ARI,255,240.714285714286,293.966273357078,142.470276571238,445.462270142917,32
2022-11-24,ARI,262,248.285714285714,295.188736888594,143.372537409381,447.004936367807,32
2022-11-25,ARI,268,250.571428571429,296.407626709291,144.272771072128,448.542482346453,32
2022-11-26,ARI,298,260.714285714286,297.622524216351,145.170658359664,450.074390073037,32
2022-11-27,ARI,290,269.857142857143,298.833008047686,146.065877320612,451.600138774761,32
2022-11-28,ARI,343,281.571428571429,300.038654293061,146.958103419873,453.119205166249,32
2022-11-29,ARI,261,282.428571428571,301.239036711892,147.847009712505,454.63106371128,32
2022-11-30,ARI,297,288.428571428571,302.433726957621,148.732267023533,456.135186891708,32
2022-12-01,ARI,297,293.428571428571,303.62229480849,149.61354413358,457.6310454834,32
2022-12-02,ARI,321,301.0,304.804308404605,150.4905079702,459.11810883901,32
2022-12-03,ARI,372,311.571428571429,305.979334491083,151.362823804776,460.59584517739,32
2022-12-04,ARI,375,323.714285714286,307.146938667135,152.230155454834,462.063721879437,32
2022-12-05,ARI,343,323.714285714286,308.30668564087,153.092165491612,463.521205790128,32
2022-12-06,ARI,329,333.428571428571,309.45813948963,153.948515452721,464.967763526538,32
2022-12-07,ARI,336,339.0,310.600863925635,154.798866059714,466.402861791557,32
2022-12-08,ARI,346,346.0,311.734422566706,155.642877440358,467.825967693055,32
2022-12-09,ARI,364,352.142857142857,312.858379211817,156.480209355422,469.236549068212,32
2022-12-10,ARI,367,351.428571428571,313.972298121236,157.310521429749,470.634074812722,32
2022-12-11,ARI,397,354.571428571429,315.075744300977,158.133473387393,472.01801521456,32
2022-12-12,ARI,370,358.428571428571,316.168283791287,158.948725290583,473.387842291991,32
2022-12-13,ARI,337,359.571428571429,317.249483958878,159.755937782255,474.743030135501,32
2022-12-14,ARI,314,356.428571428571,318.318913792601,160.55477233191,476.083055253293,32
2022-12-15,ARI,356,357.857142857143,319.376144202256,161.344891484513,477.407396919999,32
2022-12-16,ARI,330,353.0,320.420748320204,162.125959112162,478.715537528246,32
2022-12-17,ARI,290,342.0,321.452301805464,162.89764066824,480.006962942689,32
2022-12-18,ARI,318,330.714285714286,322.47038314994,163.659603443745,481.281162856135,32
2022-12-19,ARI,328,324.714285714286,323.47457398643,164.41151682551,482.53763114735,32
2022-12-20,ARI,345,325.857142857143,324.464459398067,165.153052555975,483.775866240159,32
2022-12-21,ARI,328,327.857142857143,325.439628228811,165.883884994217,484.995371463405,32
2022-12-22,ARI,368,329.571428571429,326.39967339463,166.603691377891,486.19565541137,32
2022-12-23,ARI,337,330.571428571429,327.344192194976,167.312152085755,487.376232304197,32
2022-12-24,ARI,262,326.571428571429,328.272786624183,168.008950900447,488.53662234792,32
2022-12-25,ARI,321,327.0,329.185063682387,168.693775271154,489.676352093621,32
2022-12-26,ARI,338,328.428571428571,330.080635685565,169.366316575839,490.794954795291,32
2022-12-27,ARI,401,336.428571428571,330.959120574301,170.026270382657,491.891970765945,32
2022-12-28,ARI,297,332.0,331.820142220878,170.673336710229,492.966947731527,32
2022-12-29,ARI,309,323.571428571429,332.663330734268,171.307220286375,494.019441182162,32
2022-12-30,ARI,230,308.285714285714,333.488322762639,171.927630804991,495.049014720287,32
2022-12-31,ARI,184,297.142857142857,334.294761792945,172.534283180672,496.055240405218,32
2023-01-01,ARI,188,269.571428571429,311.845580286241,161.166711192206,462.524449380277,30
2023-01-02,ARI,234,255.857142857143,312.560594382521,161.704880736618,463.416308028425,30
2023-01-03,ARI,199,228.571428571429,313.25738761882,162.229481696782,464.285293540857,30
2023-01-04,ARI,180,212.571428571429,313.935656383844,162.740270535755,465.131042231932,30
2023-01-05,ARI,196,197.285714285714,314.595104771024,163.237009716957,465.953199825091,30
2023-01-06,ARI,176,190.428571428571,315.235444833127,163.71946792153,466.751421744724,30
2023-01-07,ARI,153,189.428571428571,315.856396831527,164.187420261277,467.525373401777,30
2023-01-08,ARI,151,184.142857142857,316.457689479779,164.640648486859,468.2747304727,30
2023-01-09,ARI,200,179.285714285714,317.039060181131,165.07894119093,468.999179171331,30
2023-01-10,ARI,183,177.0,317.600255259626,165.502094005908,469.698416513344,30
2023-01-11,ARI,140,171.285714285714,318.141030184464,165.909909796068,470.37215057286,30
2023-01-12,ARI,150,164.714285714286,318.661149787267,166.302198843668,471.020100730866,30
2023-01-13,ARI,152,161.285714285714,319.160388471942,166.678779028807,471.641997915077,30
2023-01-14,ARI,140,159.428571428571,319.638530416824,167.039476002755,472.237584830893,30
2023-01-15,ARI,136,157.285714285714,320.095369768776,167.384123354452,472.806616183099,30
2023-01-16,ARI,176,153.857142857143,320.530710828975,167.712562769944,473.348858888005,30
2023-01-17,ARI,139,147.571428571429,320.944368230089,168.024644184489,473.86409227569,30
2023-01-18,ARI,141,147.714285714286,321.336167104574,168.320225927083,474.352108282064,30
2023-01-19,ARI,162,149.428571428571,321.705943243831,168.599174857206,474.812711630456,30
2023-01-20,ARI,144,148.285714285714,322.053543247994,168.861366493529,475.245720002459,30
2023-01-21,ARI,121,145.571428571429,322.378824666096,169.106685134415,475.650964197777,30
2023-01-22,ARI,96,139.857142857143,322.681656126416,169.335023969997,476.028288282835,30
2023-01-23,ARI,150,136.142857142857,322.961917456791,169.54628518566,476.377549727922,30
2023-01-24,ARI,142,136.571428571429,323.219499794723,169.740380056769,476.698619532678,30
2023-01-25,ARI,131,135.142857142857,323.454305687098,169.917229034479,476.991382339718,30
2023-01-26,ARI,148,133.142857142857,323.666249179367,170.076761822501,477.255736536234,30
2023-01-27,ARI,155,134.714285714286,323.855255894058,170.218917444695,477.491594343421,30
2023-01-28,ARI,144,138.0,324.021263098493,170.34364430339,477.698881893596,30
2023-01-29,ARI,134,143.428571428571,324.164219761607,170.450900228328,477.877539294885,30
2023-01-30,ARI,,,324.284086599787,170.540652516172,478.027520683402,30
2023-01-31,ARI,,,324.380836111663,170.612877960502,478.148794262825,30
2023-02-01,ARI,,,324.454452601799,170.667562872271,478.241342331327,30
2023-02-02,ARI,,,324.504932193247,170.704703090673,478.305161295822,30
2023-02-03,ARI,,,324.532282828967,170.724303984428,478.340261673506,30
2023-02-04,ARI,,,324.536524262091,170.726380443484,478.346668080697,30
2023-02-05,ARI,,,324.517688035079,170.710956861149,478.32441920901,30
2023-02-06,ARI,,,324.47581744779,170.678067106693,478.273567788888,30
2023-02-07,ARI,,,324.410967514525,170.627754488477,478.194180540574,30
2023-02-08,ARI,,,324.323204910128,170.560071707667,478.086338112589,30
2023-02-09,ARI,,,324.212607905228,170.475080802625,477.950135007832,30
2023-02-10,ARI,,,324.07926629074,170.37285308407,477.78567949741,30
2023-02-11,ARI,,,323.923281291736,170.253469061125,477.593093522348,30
2023-02-12,ARI,,,323.744765470855,170.117018358376,477.372512583333,30
2023-02-13,ARI,,,323.543842621378,169.963599624094,477.124085618662,30
2023-02-14,ARI,,,323.320647650184,169.793320429767,476.847974870602,30
2023-02-15,ARI,,,323.075326450737,169.606297161117,476.544355740357,30
2023-02-16,ARI,,,322.808035766341,169.402654900794,476.213416631888,30
2023-02-17,ARI,,,322.518943043869,169.182527302931,475.855358784806,30
2023-02-18,ARI,,,322.208226278204,168.946056459783,475.470396096624,30
2023-02-19,ARI,,,321.876073847644,168.693392760663,475.058754934625,30
2023-02-20,ARI,,,321.522684340524,168.424694743411,474.620673937637,30
2023-02-21,ARI,,,321.14826637334,168.140128938648,474.156403808031,30
2023-02-22,ARI,,,320.753038400648,167.839869707052,473.666207094244,30
2023-02-23,ARI,,,320.337228517051,167.524099069946,473.150357964155,30
2023-02-24,ARI,,,319.901074251558,167.193006533441,472.609141969675,30
2023-02-25,ARI,,,319.444822354661,166.846788906452,472.042855802871,30
2023-02-26,ARI,,,318.968728578427,166.485650112838,471.451807044015,30
2023-02-27,ARI,,,318.473057449956,166.109800997997,470.836313901914,30
2023-02-28,ARI,,,317.95808203855,165.719459130206,470.196704946895,30
2023-03-01,ARI,,,317.424083716928,165.314848597004,469.533318836851,30
2023-03-02,ARI,,,316.871351916845,164.896199796959,468.84650403673,30
2023-03-03,ARI,,,316.300183879492,164.46374922712,468.136618531865,30
2023-03-04,ARI,,,315.710884401018,164.017739266474,467.404029535563,30
2023-03-05,ARI,,,315.103765573555,163.558417955759,466.649113191352,30
2023-03-06,ARI,,,314.479146522121,163.086038773931,465.872254270311,30
2023-03-07,ARI,,,313.837353137763,162.600860411636,465.07384586389,30
2023-03-08,ARI,,,313.178717807332,162.103146542015,464.254289072649,30
2023-03-09,ARI,,,312.503579140248,161.593165589171,463.413992691326,30
2023-03-10,ARI,,,311.812281692651,161.071190494632,462.553372890669,30
2023-03-11,ARI,,,311.105175689291,160.53749848214,461.672852896442,30
2023-03-12,ARI,,,310.382616743561,159.992370821099,460.772862666023,30
2023-03-13,ARI,,,309.644965576015,159.436092589004,459.853838563026,30
2023-03-14,ARI,,,308.892587731765,158.868952433183,458.916223030347,30
2023-03-15,ARI,,,308.125853297106,158.291242332164,457.960464262048,30
2023-03-16,ARI,,,307.345136615747,157.703257356992,456.987015874501,30
2023-03-17,ARI,,,306.550816004992,157.10529543281,455.996336577174,30
2023-03-18,ARI,,,305.743273472234,156.497657100997,454.988889843471,30
2023-03-19,ARI,,,304.922894432098,155.880645282189,453.965143582008,30
2023-03-20,ARI,,,304.090067424588,155.254565040455,452.925569808721,30
2023-03-21,ARI,,,303.245183834554,154.619723348938,451.87064432017,30
2023-03-22,ARI,,,302.388637612819,153.976428857224,450.800846368414,30
2023-03-23,ARI,,,301.520824999273,153.324991660726,449.716658337819,30
2023-03-24,ARI,,,300.642144248255,152.665723072359,448.618565424151,30
2023-03-25,ARI,,,299.75299535651,151.998935396733,447.507055316288,30
2023-03-26,ARI,,,298.853779794024,151.324941707152,446.382617880897,30
2023-03-27,ARI,,,297.944900238009,150.644055625636,445.245744850383,30
2023-03-28,ARI,,,297.026760310317,149.956591106202,444.096929514431,30
2023-03-29,ARI,,,296.099764318539,149.262862221637,442.936666415441,30
2023-03-30,ARI,,,295.164317001047,148.563182953959,441.765451048135,30
2023-03-31,ARI,,,294.220823276205,147.857866988788,440.583779563622,30
